Date,Tarbert 2026,,1st Tide Tarbert,1st Ht Tarbert,2nd Tide Tarbert,2nd Ht Tarbert,3rd Tide Tarbert,3rd Ht Tarbert,4th Tide Tarbert,4th Ht Tarbert,,Foynes,,,1st Tide Foynes,1st Ht Foynes,2nd Tide Foynes,2nd Ht Foynes,3rd Tide Foynes,3rd Ht Foynes,4th Tide Foynes,4th Ht Foynes,,,Limerick  2026,,,1st HW,Ht,2nd HW,Ht,,Date,Begin Civil Twilight,End Civil Twilight
1/1/26,Thur,1,3:21,4.6,9:36,1.0,15:54,4.6,21:56,1.0,,,Thur,1,3:43,5.1,9:48,1.0,16:17,5.1,22:12,0.9,,,,Thur,1,4:07,6.4,16:37,6.4,,1/1/26,08:05,17:11
2/1/26,Fri,2,4:16,4.8,10:35,0.8,16:51,4.7,22:51,0.8,,,Fri,2,4:44,5.3,10:47,0.7,17:19,5.2,23:09,0.8,,,,Fri,2,5:02,6.7,17:32,6.7,,2/1/26,08:05,17:12
3/1/26,Sat,3,5:09,4.9,11:27,0.5,17:43,4.8,23:41,0.7,,,Sat ,3,5:40,5.5,11:42,0.5,18:14,5.4,,,,,,Sat ,3,5:53,6.9,18:24,6.8,,3/1/26,08:05,17:13
4/1/26,Sun,4,5:58,5.0,,,12:16,0.4,18:33,4.9,,,Sun,4,0:01,0.7,6:32,5.6,12:32,0.3,19:04,5.4,,,,Sun,4,6:42,7.0,19:13,6.9,,4/1/26,08:05,17:14
5/1/26,Mon,5,0:27,0.7,6:45,5.0,13:00,0.3,19:19,4.8,,,Mon,5,0:49,0.6,7:19,5.6,13:19,0.3,19:50,5.4,,,,Mon,5,7:29,7.1,20:01,6.8,,5/1/26,08:05,17:15
6/1/26,Tue,6,1:10,0.7,7:29,5.0,13:43,0.4,20:03,4.7,,,Tue ,6,1:33,0.6,8:02,5.6,14:02,0.3,20:32,5.3,,,,Tue ,6,8:16,7.0,20:48,6.7,,6/1/26,08:05,17:16
7/1/26,Wed,7,1:51,0.8,8:12,4.9,14:24,0.5,20:45,4.6,,,Wed,7,2:15,0.7,8:43,5.5,14:44,0.5,21:12,5.1,,,,Wed,7,9:01,6.8,21:33,6.5,,7/1/26,08:04,17:17
8/1/26,Thur,8,2:31,1.0,8:53,4.7,15:06,0.8,21:27,4.4,,,Thur,8,2:54,0.9,9:22,5.2,15:23,0.8,21:51,4.8,,,,Thur,8,9:45,6.6,22:18,6.3,,8/1/26,08:04,17:18
9/1/26,Fri,9,3:12,1.2,9:37,4.5,15:50,1.1,22:12,4.2,,,Fri,9,3:34,1.2,10:02,4.9,16:04,1.1,22:34,4.6,,,,Fri,9,10:30,6.3,23:04,6.0,,9/1/26,08:03,17:20
10/1/26,Sat,10,3:57,1.4,10:25,4.2,16:39,1.4,23:01,4.0,,,Sat ,10,4:16,1.5,10:47,4.6,16:48,1.4,23:23,4.4,,,,Sat ,10,column AH and AI,6.0,23:52,5.8,,10/1/26,08:03,17:21
11/1/26,Sun,11,4:51,1.7,11:21,4.0,17:37,1.6,,,,,Sun,11,5:07,1.7,11:41,4.3,17:42,1.7,,,,,,Sun,11,,,12:08,5.7,,11/1/26,08:02,17:22
12/1/26,Mon,12,0:00,3.9,5:58,1.9,12:31,3.9,18:42,1.8,,,Mon,12,0:22,4.2,6:13,1.9,12:48,4.1,18:48,1.9,,,,Mon,12,0:45,5.6,13:09,5.5,,12/1/26,08:02,17:24
13/1/26,Tue,13,1:07,3.9,7:10,1.9,13:47,3.9,19:47,1.8,,,Tue ,13,1:30,4.2,7:27,1.9,14:03,4.1,19:58,1.9,,,,Tue ,13,1:51,5.6,14:36,5.4,,13/1/26,08:01,17:25
14/1/26,Wed,14,2:12,4.0,8:19,1.8,14:53,3.9,20:47,1.7,,,Wed,14,2:37,4.3,8:37,1.8,15:11,4.2,21:01,1.8,,,,Wed,14,3:09,5.6,15:51,5.5,,14/1/26,08:01,17:26
15/1/26,Thur,15,3:09,4.2,9:19,1.6,15:47,4.1,21:39,1.6,,,Thur,15,3:36,4.5,9:37,1.6,16:08,4.4,21:56,1.6,,,,Thur,15,4:08,5.8,16:43,5.7,,15/1/26,08:00,17:28
16/1/26,Fri,16,3:58,4.3,10:11,1.4,16:33,4.2,22:25,1.4,,,Fri,16,4:25,4.7,10:27,1.4,16:55,4.6,22:43,1.4,,,,Fri,16,4:54,6.0,17:25,5.9,,16/1/26,07:59,17:29
17/1/26,Sat,17,4:41,4.5,10:55,1.2,17:13,4.4,23:06,1.3,,,Sat ,17,5:07,4.9,11:10,1.1,17:35,4.7,23:24,1.2,,,,Sat ,17,5:35,6.2,18:03,6.1,,17/1/26,07:58,17:31
18/1/26,Sun,18,5:19,4.6,11:34,1.0,17:50,4.5,23:43,1.1,,,Sun,18,5:45,5.0,11:49,0.9,,,18:12,4.9,,,,Sun,18,6:13,6.4,18:40,6.3,,18/1/26,07:58,17:32
19/1/26,Mon,19,5:56,4.7,,,12:11,0.8,18:25,4.5,,,Mon,19,0:01,1.0,6:22,5.2,12:25,0.7,18:47,5.0,,,,Mon,19,6:50,6.5,19:17,6.4,,19/1/26,07:57,17:34
20/1/26,Tue,20,0:18,1.0,6:31,4.8,12:44,0.7,18:59,4.6,,,Tue ,20,0:37,0.9,6:57,5.3,13:01,0.6,19:22,5.1,,,,Tue ,20,7:25,6.6,19:51,6.4,,20/1/26,07:56,17:35
21/1/26,Wed,21,0:52,0.9,7:06,4.9,13:18,0.7,19:35,4.6,,,Wed,21,1:12,0.8,7:34,5.4,13:35,0.5,19:58,5.1,,,,Wed,21,7:58,6.7,20:25,6.4,,21/1/26,07:55,17:37
22/1/26,Thur,22,1:26,0.9,7:41,4.9,13:52,0.7,20:11,4.6,,,Thur,22,1:47,0.7,8:10,5.4,14:10,0.5,20:34,5.1,,,,Thur,22,8:31,6.7,20:59,6.4,,22/1/26,07:54,17:38
23/1/26,Fri,23,2:02,0.9,8:18,4.8,14:28,0.8,20:50,4.6,,,Fri,23,2:23,0.7,8:46,5.3,14:46,0.5,21:11,5.0,,,,Fri,23,9:08,6.6,21:36,6.3,,23/1/26,07:53,17:40
24/1/26,Sat,24,2:41,1.0,8:59,4.7,15:09,0.9,21:32,4.5,,,Sat ,24,3:00,0.9,9:24,5.1,15:25,0.7,21:51,4.9,,,,Sat ,24,9:50,6.5,22:19,6.2,,24/1/26,07:52,17:42
25/1/26,Sun,25,3:25,1.2,9:46,4.5,15:56,1.2,22:22,4.3,,,Sun,25,3:42,1.1,10:07,4.9,16:08,0.9,22:38,4.7,,,,Sun,25,10:38,6.3,23:09,6.0,,25/1/26,07:50,17:43
26/1/26,Mon,26,4:18,1.4,10:44,4.3,16:53,1.4,23:25,4.2,,,Mon,26,4:32,1.3,11:01,4.7,17:02,1.2,23:39,4.6,,,,Mon,26,11:34,6.1,,,,26/1/26,07:49,17:45
27/1/26,Tue,27,5:23,1.6,11:59,4.1,,,18:03,1.6,,,Tue ,27,5:37,1.5,12:12,4.5,,,18:13,1.5,,,,Tue ,27,0:08,5.8,12:41,5.8,,27/1/26,07:48,17:47
28/1/26,Wed,28,0:41,4.1,6:47,1.7,13:24,4.1,19:26,1.7,,,Wed,28,0:54,4.5,7:01,1.6,13:35,4.4,19:36,1.5,,,,Wed,28,1:20,5.8,14:03,5.7,,28/1/26,07:47,17:48
29/1/26,Thur,29,1:58,4.2,8:19,1.5,14:43,4.2,20:47,1.5,,,Thur,29,2:15,4.6,8:25,1.4,15:01,4.6,20:55,1.4,,,,Thur,29,2:47,5.8,15:29,5.9,,29/1/26,07:45,17:50
30/1/26,Fri,30,3:09,4.4,9:34,1.2,15:52,4.4,21:54,1.3,,,Fri,30,3:33,4.8,9:39,1.1,16:17,4.8,22:06,1.2,,,,Fri,30,4:00,6.1,16:35,6.2,,30/1/26,07:44,17:52
31/1/26,Sat,31,4:10,4.6,10:33,0.8,16:49,4.6,22:48,1.0,,,Sat ,31,4:41,5.1,10:43,0.8,17:18,5.1,23:04,0.9,,,,Sat ,31,4:58,6.5,17:29,6.5,,31/1/26,07:40,17:54
,Feb,,,,,,,,,,,,,,,,,,,,,,,,,,,,,,,,,,
1/2/26,Sun,1,5:03,4.9,11:22,0.5,17:38,4.8,23:35,0.7,,,Sun,1,5:37,5.4,11:36,0.4,18:09,5.3,23:53,0.6,,,,Sun,1,5:48,6.8,18:17,6.8,,1/2/26,07:41,17:58
2/2/26,Mon,2,5:50,5.1,,,12:06,0.3,18:21,5.0,,,Mon,2,,,6:24,5.6,12:22,0.2,18:53,5.4,,,,Mon,2,6:34,7.0,19:02,6.9,,2/2/26,07:40,17:57
3/2/26,Tue,3,0:16,0.6,6:32,5.2,12:45,0.2,19:02,5.0,,,Tue ,3,0:36,0.5,7:06,5.7,13:03,0.1,19:32,5.4,,,,Tue ,3,7:17,7.1,19:44,6.9,,3/2/26,07:38,17:59
4/2/26,Wed,4,0:54,0.6,7:11,5.2,13:23,0.3,19:39,4.9,,,Wed,4,1:16,0.4,7:43,5.6,13:40,0.1,20:06,5.3,,,,Wed,4,7:58,7.1,20:24,6.8,,4/2/26,07:37,18:01
5/2/26,Thur,5,1:29,0.6,7:48,5.1,13:58,0.5,20:14,4.8,,,Thur,5,1:52,0.5,8:17,5.5,14:16,0.3,20:39,5.2,,,,Thur,5,8:37,6.9,21:02,6.7,,5/2/26,07:35,18:03
6/2/26,Fri,6,2:02,0.8,8:24,4.9,14:32,0.8,20:49,4.6,,,Fri,6,2:25,0.6,8:49,5.3,14:48,0.6,21:11,5.0,,,,Fri,6,9:15,6.7,21:40,6.4,,6/2/26,07:34,18:04
7/2/26,Sat,7,2:36,1.1,9:01,4.7,15:06,1.1,21:26,4.4,,,Sat ,7,2:57,0.9,9:21,5.0,15:19,0.9,21:44,4.7,,,,Sat ,7,9:53,6.4,22:19,6.2,,7/2/26,07:32,18:06
8/2/26,Sun,8,3:13,1.4,9:40,4.4,15:44,1.5,22:07,4.2,,,Sun,8,3:30,1.2,9:55,4.7,15:52,1.3,22:21,4.4,,,,Sun,8,10:35,6.1,23:01,5.9,,8/2/26,07:31,18:08
9/2/26,Mon,9,3:55,1.7,10:27,4.1,16:32,1.8,22:59,4.0,,,Mon,9,4:09,1.6,10:37,4.3,16:32,1.7,23:11,4.2,,,,Mon,9,11:21,5.7,23:48,5.7,,9/2/26,07:29,18:10
10/2/26,Tue,10,4:51,2.0,11:30,3.8,17:37,2.1,,,,,Tue ,10,5:01,1.9,11:37,4.0,17:33,2.0,,,,,,Tue ,10,,,12:14,5.5,,10/2/26,07:27,18:14
11/2/26,Wed,11,0:05,3.8,6:10,2.2,12:58,3.7,19:04,2.2,,,Wed,11,0:21,4.0,6:26,2.1,13:06,3.8,19:05,2.2,,,,Wed,11,0:43,5.5,13:17,5.3,,11/2/26,07:25,18:13
12/2/26,Thur,12,1:26,3.8,7:47,2.1,14:26,3.7,20:25,2.1,,,Thur,12,1:46,4.0,8:00,2.0,14:39,3.9,20:33,2.1,,,,Thur,12,1:51,5.4,15:34,5.3,,12/2/26,07:24,18:15
13/2/26,Fri,13,2:41,4.0,9:02,1.8,15:29,3.9,21:24,1.8,,,Fri,13,3:02,4.2,9:13,1.8,15:47,4.1,21:38,1.8,,,,Fri,13,3:50,5.5,16:35,5.5,,13/2/26,07:22,18:17
14/2/26,Sat,14,3:37,4.2,9:54,1.5,16:16,4.1,22:09,1.5,,,Sat ,14,4:00,4.4,10:06,1.4,16:36,4.4,22:25,1.5,,,,Sat ,14,4:43,5.8,17:15,5.8,,14/2/26,07:20,18:19
15/2/26,Sun,15,4:21,4.4,10:37,1.2,16:55,4.4,22:48,1.2,,,Sun,15,4:46,4.7,10:49,1.1,17:16,4.7,23:06,1.1,,,,Sun,15,5:22,6.1,17:49,6.1,,15/2/26,07:18,18:21
16/2/26,Mon,16,5:00,4.6,11:14,0.9,17:30,4.6,23:24,1.0,,,Mon,16,5:25,5.0,11:28,0.8,17:52,5.0,23:43,0.8,,,,Mon,16,5:58,6.4,18:23,6.3,,16/2/26,07:16,18:23
17/2/26,Tue,17,5:35,4.8,11:49,0.7,18:03,4.7,23:59,0.8,,,Tue ,17,,,6:02,5.3,12:05,0.5,18:27,5.2,,,,Tue ,17,6:31,6.6,18:55,6.5,,17/2/26,07:14,18:24
18/2/26,Wed,18,,,6:09,5.0,12:23,0.5,18:36,4.9,,,Wed,18,0:19,0.6,6:39,5.5,12:40,0.3,19:03,5.3,,,,Wed,18,7:03,6.8,19:27,6.6,,18/2/26,07:12,18:26
19/2/26,Thur,19,0:32,0.7,6:43,5.1,12:55,0.4,19:10,5.0,,,Thur,19,0:54,0.4,7:16,5.6,13:15,0.1,19:39,5.4,,,,Thur,19,7:35,6.9,19:58,6.7,,19/2/26,07:11,18:28
20/2/26,Fri,20,1:05,0.6,7:18,5.2,13:28,0.5,19:45,5.0,,,Fri,20,1:29,0.3,7:52,5.6,13:49,0.2,20:15,5.4,,,,Fri,20,8:09,6.9,20:32,6.7,,20/2/26,07:08,18:32
21/2/26,Sat,21,1:39,0.7,7:54,5.1,14:03,0.6,20:22,4.9,,,Sat ,21,2:04,0.4,8:29,5.5,14:24,0.3,20:50,5.2,,,,Sat ,21,8:46,6.8,21:09,6.5,,21/2/26,07:07,18:32
22/2/26,Sun,22,2:17,0.8,8:34,4.9,14:41,0.9,21:02,4.7,,,Sun,22,2:39,0.6,9:05,5.2,15:00,0.5,21:27,5.0,,,,Sun,22,9:27,6.6,21:50,6.4,,22/2/26,07:05,18:34
23/2/26,Mon,23,2:58,1.0,9:20,4.6,15:25,1.2,21:48,4.4,,,Mon,23,3:19,0.8,9:46,5.0,15:41,0.9,22:11,4.8,,,,Mon,23,10:14,6.3,22:38,6.1,,23/2/26,07:03,18:35
24/2/26,Tue,24,3:49,1.4,10:16,4.3,16:21,1.6,22:49,4.1,,,Tue ,24,4:05,1.1,10:39,4.6,16:31,1.3,23:09,4.5,,,,Tue ,24,11:09,6.0,23:36,5.8,,24/2/26,07:00,18:37
25/2/26,Wed,25,4:54,1.7,11:36,3.9,17:38,1.9,,,,,Wed,25,5:09,1.5,11:53,4.3,17:45,1.7,,,,,,Wed,25,,,12:21,5.6,,25/2/26,06:58,18:39
26/2/26,Thur,26,0:13,3.9,6:32,1.8,13:15,3.9,19:23,1.9,,,Thur,26,0:30,4.3,6:43,1.7,13:30,4.2,19:22,1.8,,,,Thur,26,0:56,5.6,13:59,5.5,,26/2/26,06:56,18:41
27/2/26,Fri,27,1:47,4.0,8:23,1.6,14:48,4.1,20:52,1.6,,,Fri,27,2:05,4.4,8:18,1.5,15:06,4.4,20:53,1.6,,,,Fri,27,2:42,5.6,15:31,5.7,,27/2/26,06:54,18:43
28/2/26,Sat,28,3:08,4.3,9:33,1.1,15:54,4.4,21:52,1.3,,,Sat ,28,3:32,4.6,9:36,1.1,16:17,4.8,22:02,1.2,,,,Sat ,28,3:58,6.0,16:33,6.1,,28/2/26,06:52,18:45
,March,,,,,,,,,,,,,,,,,,,,,,,,,,,,,,,,,,
1/3/26,Sun,1,4:07,4.6,10:24,0.7,16:43,4.7,22:39,0.9,,,Sun,1,4:37,5.0,10:34,0.7,17:11,5.1,22:54,0.8,,,,Sun,1,4:52,6.4,17:21,6.4,,1/3/26,06:49,18:48
2/3/26,Mon,2,4:54,4.9,11:07,0.4,17:25,4.9,23:20,0.6,,,Mon,2,5:27,5.3,11:21,0.3,17:54,5.3,23:37,0.5,,,,Mon,2,5:38,6.7,18:03,6.7,,2/3/26,06:48,18:48
3/3/26,Tue,3,5:35,5.1,11:47,0.2,18:02,5.0,23:58,0.5,,,Tue ,3,,,6:08,5.5,12:01,0.1,18:32,5.4,,,,Tue ,3,6:19,6.9,18:43,6.9,,3/3/26,06:45,18:50
4/3/26,Wed,4,,,6:12,5.2,12:23,0.2,18:37,5.1,,,Wed,4,0:16,0.3,6:44,5.6,12:38,0.1,19:05,5.4,,,,Wed,4,6:58,7.0,19:20,6.9,,4/3/26,06:43,18:52
5/3/26,Thur,5,0:31,0.5,6:47,5.2,12:56,0.3,19:10,5.0,,,Thur,5,0:51,0.3,7:16,5.6,13:12,0.1,19:35,5.4,,,,Thur,5,7:35,7.0,19:55,6.8,,5/3/26,06:41,18:54
6/3/26,Fri,6,1:02,0.6,7:20,5.1,13:27,0.6,19:41,4.9,,,Fri,6,1:24,0.3,7:46,5.5,13:43,0.3,20:04,5.3,,,,Fri,6,8:10,6.8,20:29,6.7,,6/3/26,06:39,18:55
7/3/26,Sat,7,1:32,0.8,7:53,4.9,13:56,0.9,20:12,4.8,,,Sat ,7,1:54,0.5,8:15,5.2,14:11,0.6,20:32,5.1,,,,Sat ,7,8:45,6.6,21:04,6.5,,7/3/26,06:37,18:57
8/3/26,Sun,8,2:03,1.0,8:25,4.7,14:26,1.2,20:46,4.6,,,Sun,8,2:23,0.8,8:44,5.0,14:38,0.9,21:01,4.8,,,,Sun,8,9:22,6.3,21:41,6.2,,8/3/26,06:34,18:59
9/3/26,Mon,9,2:36,1.3,9:00,4.4,15:00,1.6,21:23,4.3,,,Mon,9,2:51,1.1,9:15,4.6,15:06,1.3,21:35,4.5,,,,Mon,9,10:02,6.0,22:23,6.0,,9/3/26,06:32,19:01
10/3/26,Tue,10,3:13,1.6,9:41,4.1,15:41,1.9,22:08,4.0,,,Tue ,10,3:24,1.4,9:52,4.3,15:39,1.7,22:16,4.2,,,,Tue ,10,10:47,5.7,23:09,5.7,,10/3/26,06:29,19:04
11/3/26,Wed,11,4:00,1.9,10:35,3.7,16:38,2.2,23:10,3.8,,,Wed,11,4:07,1.8,10:41,3.9,16:26,2.1,23:16,3.9,,,,Wed,11,11:38,5.4,,,,11/3/26,06:27,19:04
12/3/26,Thur,12,5:10,2.2,,,12:02,3.5,18:06,2.4,,,Thur,12,5:17,2.1,,,12:04,3.7,18:01,2.4,,,,Thur,12,0:02,5.4,12:36,5.2,,12/3/26,06:25,19:06
13/3/26,Fri,13,0:35,3.6,7:00,2.2,13:53,3.6,19:57,2.2,,,Fri,13,0:47,3.8,7:16,2.1,13:55,3.7,19:58,2.2,,,,Fri,13,1:04,5.3,13:55,5.1,,13/3/26,06:23,19:08
14/3/26,Sat,14,2:04,3.8,8:32,1.9,14:59,3.8,20:59,1.9,,,Sat ,14,2:16,4.0,8:38,1.8,15:14,4.0,21:08,1.9,,,,Sat ,14,3:23,5.3,16:16,5.4,,14/3/26,06:20,19:10
15/3/26,Sun,15,3:05,4.0,9:25,1.5,15:46,4.1,21:43,1.5,,,Sun,15,3:23,4.3,9:33,1.4,16:05,4.4,21:57,1.4,,,,Sun,15,4:21,5.7,16:52,5.7,,15/3/26,06:18,19:12
16/3/26,Mon,16,3:51,4.3,10:07,1.1,16:24,4.4,22:21,1.1,,,Mon,16,4:12,4.7,10:18,1.0,16:45,4.7,22:38,1.0,,,,Mon,16,4:58,6.0,17:24,6.0,,16/3/26,06:16,19:13
17/3/26,Tue,17,4:30,4.6,10:44,0.7,17:00,4.7,22:57,0.8,,,Tue ,17,4:54,5.0,10:58,0.6,17:22,5.1,23:17,0.7,,,,Tue ,17,5:31,6.3,17:54,6.3,,17/3/26,06:13,19:15
18/3/26,Wed,18,5:06,4.9,11:19,0.5,17:34,4.9,23:33,0.6,,,Wed,18,5:34,5.3,11:36,0.3,18:00,5.3,23:54,0.4,,,,Wed,18,6:01,6.6,18:23,6.6,,18/3/26,06:11,19:17
19/3/26,Thur,19,5:42,5.1,11:54,0.3,,,18:08,5.1,,,Thur,19,,,6:13,5.6,12:13,0.1,18:37,5.5,,,,Thur,19,6:33,6.8,18:55,6.8,,19/3/26,06:05,19:22
20/3/26,Fri,20,0:07,0.4,6:17,5.3,12:28,0.2,18:44,5.2,,,Fri,20,0:30,0.2,6:53,5.7,12:49,0.0,19:16,5.6,,,,Fri,20,7:07,7.0,19:29,6.8,,20/3/26,06:06,19:21
21/3/26,Sat,21,0:42,0.4,6:54,5.3,13:03,0.3,19:19,5.2,,,Sat ,21,1:07,0.1,7:32,5.7,13:25,0.0,19:53,5.5,,,,Sat ,21,7:45,7.0,20:06,6.8,,21/3/26,06:04,19:22
22/3/26,Sun,22,1:18,0.4,7:33,5.2,13:39,0.5,19:57,5.0,,,Sun,22,1:43,0.2,8:11,5.5,14:01,0.3,20:30,5.4,,,,Sun,22,8:26,6.9,20:46,6.7,,22/3/26,06:01,19:24
23/3/26,Mon,23,1:56,0.6,8:16,4.9,14:18,0.8,20:39,4.8,,,Mon,23,2:20,0.4,8:51,5.3,14:38,0.6,21:08,5.1,,,,Mon,23,9:10,6.6,21:29,6.4,,23/3/26,05:59,19:26
24/3/26,Tue,24,2:39,0.9,9:03,4.6,15:04,1.2,21:27,4.4,,,Tue ,24,3:01,0.7,9:35,4.9,15:20,1.0,21:54,4.8,,,,Tue ,24,10:00,6.2,22:19,6.1,,24/3/26,05:56,19:28
25/3/26,Wed,25,3:30,1.3,10:03,4.1,16:02,1.7,22:29,4.1,,,Wed,25,3:49,1.1,10:32,4.5,16:13,1.5,22:55,4.4,,,,Wed,25,11:00,5.8,23:21,5.7,,25/3/26,05:54,19:30
26/3/26,Thur,26,4:41,1.6,11:28,3.8,17:30,2.0,23:57,3.8,,,Thur,26,4:58,1.5,11:52,4.2,17:33,1.9,,,,,,Thur,26,,,12:17,5.5,,26/3/26,05:52,19:31
27/3/26,Fri,27,,,6:29,1.7,13:19,3.8,19:25,1.9,,,Fri,27,0:20,4.2,6:37,1.6,13:30,4.2,19:18,1.9,,,,Fri,27,0:49,5.5,14:01,5.4,,27/3/26,05:49,19:33
28/3/26,Sat,28,1:40,3.9,8:13,1.4,14:43,4.0,20:42,1.5,,,Sat ,28,1:58,4.3,8:10,1.4,14:58,4.4,20:45,1.6,,,,Sat ,28,2:37,5.6,15:24,5.7,,28/3/26,05:47,19:35
29/3/26,Sun,29,3:57,4.2,10:15,1.0,16:39,4.4,22:34,1.1,,,Sun,29,4:20,4.6,10:20,1.0,17:02,4.8,22:46,1.2,,,,Sun,29,4:46,5.9,17:19,6.0,,29/3/26,06:44,20:37
30/3/26,Mon,30,4:51,4.5,11:02,0.7,17:24,4.7,23:18,0.8,,,Mon,30,5:19,5.0,11:13,0.7,17:49,5.1,23:33,0.8,,,,Mon,30,5:36,6.2,18:03,6.3,,30/3/26,06:42,20:39
31/3/26,Tue,31,5:34,4.8,11:43,0.4,18:02,4.9,23:57,0.6,,,Tue ,31,,,6:04,5.2,11:56,0.4,18:28,5.3,,,,Tue ,31,6:19,6.5,18:42,6.6,,31/3/26,06:39,20:41
,April,,,,,,,,,,,,,,,,,,,,,,,,,,,,,,,,,,
1/4/26,Wed,1,,,6:12,5.0,12:20,0.3,18:36,5.0,,,Wed,1,0:13,0.5,6:42,5.4,12:34,0.3,19:02,5.3,,,,Wed,1,6:58,6.7,19:18,6.7,,1/4/26,06:36,20:44
2/4/26,Thur,2,0:33,0.5,6:47,5.1,12:55,0.4,19:08,5.0,,,Thur,2,0:49,0.4,7:15,5.4,13:09,0.3,19:33,5.4,,,,Thur,2,7:35,6.7,19:52,6.7,,2/4/26,06:34,20:44
3/4/26,Fri,3,1:04,0.5,7:20,5.1,13:26,0.5,19:39,5.0,,,Fri,3,1:23,0.4,7:46,5.4,13:40,0.3,20:02,5.3,,,,Fri,3,8:09,6.7,20:25,6.7,,3/4/26,06:32,20:46
4/4/26,Sat,4,1:35,0.6,7:51,5.0,13:55,0.7,20:09,4.9,,,Sat ,4,1:54,0.4,8:15,5.3,14:10,0.5,20:30,5.2,,,,Sat ,4,8:43,6.6,20:58,6.6,,4/4/26,06:29,20:48
5/4/26,Sun,5,2:04,0.8,8:22,4.8,14:23,1.0,20:40,4.8,,,Sun,5,2:24,0.6,8:45,5.1,14:37,0.7,20:58,5.1,,,,Sun,5,9:18,6.4,21:33,6.4,,5/4/26,06:27,20:50
6/4/26,Mon,6,2:34,1.0,8:54,4.6,14:53,1.3,21:12,4.6,,,Mon,6,2:52,0.8,9:14,4.9,15:03,1.0,21:28,4.9,,,,Mon,6,9:55,6.2,22:11,6.2,,6/4/26,06:25,20:51
7/4/26,Tue,7,3:06,1.2,9:27,4.3,15:25,1.6,21:48,4.3,,,Tue ,7,3:20,1.0,9:45,4.6,15:31,1.3,22:01,4.6,,,,Tue ,7,10:35,5.9,22:51,6.0,,7/4/26,06:22,20:53
8/4/26,Wed,8,3:41,1.5,10:06,4.0,16:03,1.8,22:30,4.0,,,Wed,8,3:53,1.3,10:21,4.3,16:04,1.6,22:40,4.3,,,,Wed,8,11:19,5.6,23:37,5.7,,8/4/26,06:20,20:55
9/4/26,Thur,9,4:25,1.7,10:56,3.7,16:54,2.1,23:24,3.8,,,Thur,9,4:33,1.6,11:07,4.0,16:48,2.0,23:32,4.0,,,,Thur,9,,,12:09,5.4,,9/4/26,06:17,20:57
10/4/26,Fri,10,5:26,2.0,,,12:08,3.5,18:12,2.3,,,Fri,10,5:31,1.9,,,12:15,3.7,18:00,2.3,,,,Fri,10,0:28,5.4,13:06,5.2,,10/4/26,06:14,21:01
11/4/26,Sat,11,0:38,3.6,6:53,2.0,14:02,3.5,19:57,2.2,,,Sat ,11,0:50,3.9,7:16,2.0,13:56,3.7,20:03,2.2,,,,Sat ,11,1:27,5.3,14:12,5.1,,11/4/26,06:12,21:01
12/4/26,Sun,12,2:10,3.7,8:33,1.8,15:14,3.7,21:12,1.8,,,Sun,12,2:19,4.0,8:45,1.8,15:17,4.0,21:21,1.9,,,,Sun,12,2:34,5.3,16:29,5.3,,12/4/26,06:10,21:03
13/4/26,Mon,13,3:19,3.9,9:36,1.4,16:04,4.1,22:02,1.4,,,Mon,13,3:30,4.2,9:46,1.4,16:16,4.4,22:15,1.4,,,,Mon,13,4:28,5.5,17:11,5.6,,13/4/26,06:07,21:05
14/4/26,Tue,14,4:09,4.3,10:22,1.0,16:46,4.4,22:45,1.0,,,Tue ,14,4:26,4.6,10:36,1.0,17:03,4.8,23:01,1.0,,,,Tue ,14,5:14,5.9,17:42,6.0,,14/4/26,06:05,21:06
15/4/26,Wed,15,4:52,4.6,11:04,0.7,17:25,4.7,23:25,0.7,,,Wed,15,5:15,5.0,11:21,0.6,17:46,5.1,23:44,0.6,,,,Wed,15,5:48,6.2,18:13,6.3,,15/4/26,06:03,21:08
16/4/26,Thur,16,5:32,4.9,11:43,0.4,,,18:03,5.0,,,Thur,16,,,6:00,5.3,12:03,0.3,18:27,5.4,,,,Thur,16,6:23,6.6,18:46,6.6,,16/4/26,06:00,21:10
17/4/26,Fri,17,0:04,0.4,6:12,5.1,12:22,0.2,18:40,5.2,,,Fri,17,0:25,0.3,6:45,5.5,12:44,0.1,19:09,5.6,,,,Fri,17,7:00,6.8,19:22,6.8,,17/4/26,05:58,21:12
18/4/26,Sat,18,0:43,0.3,6:52,5.2,13:01,0.2,19:18,5.2,,,Sat ,18,1:05,0.1,7:29,5.6,13:23,0.0,19:51,5.6,,,,Sat ,18,7:41,7.0,20:02,6.9,,18/4/26,05:55,21:14
19/4/26,Sun,19,1:21,0.2,7:34,5.2,13:40,0.3,19:58,5.2,,,Sun,19,1:45,0.1,8:13,5.6,14:03,0.1,20:32,5.6,,,,Sun,19,8:25,7.0,20:44,6.9,,19/4/26,05:53,21:16
20/4/26,Mon,20,2:01,0.3,8:18,5.1,14:20,0.5,20:40,5.0,,,Mon,20,2:25,0.2,8:57,5.5,14:42,0.4,21:13,5.4,,,,Mon,20,9:11,6.8,21:29,6.7,,20/4/26,05:50,21:20
21/4/26,Tue,21,2:43,0.5,9:05,4.8,15:03,0.8,21:25,4.7,,,Tue ,21,3:06,0.4,9:42,5.2,15:24,0.7,21:57,5.1,,,,Tue ,21,10:00,6.5,22:17,6.4,,21/4/26,05:48,21:20
22/4/26,Wed,22,3:29,0.8,9:57,4.4,15:53,1.2,22:16,4.4,,,Wed,22,3:52,0.7,10:32,4.9,16:10,1.2,22:47,4.8,,,,Wed,22,10:55,6.2,23:11,6.1,,22/4/26,05:46,21:22
23/4/26,Thur,23,4:24,1.1,11:00,4.1,16:56,1.6,23:19,4.0,,,Thur,23,4:46,1.0,11:32,4.5,17:08,1.6,23:50,4.5,,,,Thur,23,11:58,5.8,,,,23/4/26,05:44,21:24
24/4/26,Fri,24,5:38,1.3,,,12:23,3.8,18:24,1.8,,,Fri,24,5:57,1.3,,,12:49,4.3,18:28,1.8,,,,Fri,24,0:16,5.8,13:14,5.6,,24/4/26,05:41,21:26
25/4/26,Sat,25,0:40,3.8,7:10,1.4,14:03,3.8,20:00,1.7,,,Sat ,25,1:09,4.4,7:23,1.4,14:12,4.3,19:58,1.8,,,,Sat ,25,1:42,5.6,14:46,5.5,,25/4/26,05:39,21:27
26/4/26,Sun,26,2:15,3.9,8:37,1.2,15:15,4.0,21:11,1.4,,,Sun,26,2:34,4.4,8:43,1.3,15:29,4.5,21:15,1.5,,,,Sun,26,3:14,5.7,15:59,5.7,,26/4/26,05:37,21:29
27/4/26,Mon,27,3:27,4.1,9:38,1.0,16:09,4.3,22:03,1.1,,,Mon,27,3:49,4.6,9:48,1.0,16:29,4.7,22:15,1.2,,,,Mon,27,4:20,5.8,16:52,6.0,,27/4/26,05:34,21:31
28/4/26,Tue,28,4:20,4.3,10:27,0.8,16:53,4.5,22:47,0.9,,,Tue ,28,4:46,4.8,10:40,0.8,17:16,5.0,23:02,0.9,,,,Tue ,28,5:11,6.1,17:36,6.2,,28/4/26,05:32,21:33
29/4/26,Wed,29,5:04,4.5,11:09,0.6,17:32,4.7,23:27,0.7,,,Wed,29,5:32,5.0,11:23,0.6,17:55,5.1,23:43,0.7,,,,Wed,29,5:54,6.2,18:14,6.4,,29/4/26,05:30,21:35
30/4/26,Thur,30,5:43,4.7,11:47,0.6,,,18:07,4.8,,,Thur,30,,,6:10,5.1,12:01,0.6,18:29,5.2,,,,Thur,30,6:33,6.3,18:49,6.5,,30/4/26,05:28,21:37
,May,,,,,,,,,,,,,,,,,,,,,,,,,,,,,,,,,,
1/5/26,Fri,1,0:03,0.7,6:19,4.7,12:23,0.6,18:39,4.8,,,Fri,1,0:20,0.6,6:44,5.1,12:37,0.6,19:00,5.2,,,,Fri,1,7:09,6.4,19:23,6.5,,1/5/26,05:25,21:42
2/5/26,Sat,2,0:37,0.7,6:52,4.7,12:55,0.8,19:10,4.8,,,Sat ,2,0:55,0.6,7:17,5.1,13:09,0.7,19:31,5.2,,,,Sat ,2,7:44,6.4,19:57,6.5,,2/5/26,05:23,21:41
3/5/26,Sun,3,1:09,0.7,7:25,4.7,13:26,0.9,19:41,4.8,,,Sun,3,1:27,0.6,7:49,5.0,13:40,0.8,20:02,5.1,,,,Sun,3,8:19,6.3,20:31,6.5,,3/5/26,05:21,21:43
4/5/26,Mon,4,1:41,0.8,7:57,4.6,13:56,1.1,20:14,4.7,,,Mon,4,1:58,0.7,8:20,4.9,14:08,0.9,20:32,5.0,,,,Mon,4,8:56,6.2,21:07,6.4,,4/5/26,05:19,21:45
5/5/26,Tue,5,2:12,1.0,8:30,4.4,14:27,1.3,20:48,4.5,,,Tue ,5,2:28,0.8,8:51,4.7,14:37,1.1,21:03,4.9,,,,Tue ,5,9:34,6.1,21:45,6.2,,5/5/26,05:17,21:47
6/5/26,Wed,6,2:45,1.1,9:05,4.2,15:01,1.5,21:24,4.3,,,Wed,6,2:59,1.0,9:24,4.5,15:08,1.3,21:37,4.7,,,,Wed,6,10:13,5.9,22:25,6.0,,6/5/26,05:14,21:49
7/5/26,Thur,7,3:21,1.3,9:44,4.0,15:40,1.6,22:05,4.1,,,Thur,7,3:33,1.2,10:01,4.3,15:43,1.5,22:16,4.4,,,,Thur,7,10:56,5.7,23:07,5.8,,7/5/26,05:12,21:51
8/5/26,Fri,8,4:04,1.4,10:31,3.8,16:27,1.8,22:53,3.9,,,Fri,8,4:14,1.4,10:45,4.1,16:28,1.8,23:04,4.2,,,,Fri,8,11:43,5.5,23:56,5.6,,8/5/26,05:10,21:53
9/5/26,Sat,9,4:57,1.6,11:32,3.6,17:31,1.9,23:54,3.8,,,Sat ,9,5:07,1.6,11:43,4.0,17:30,2.0,,,,,,Sat ,9,,,12:36,5.3,,9/5/26,05:08,21:55
10/5/26,Sun,10,,,6:04,1.6,12:54,3.6,18:51,1.9,,,Sun,10,0:08,4.1,6:20,1.7,12:59,4.0,18:57,2.0,,,,Sun,10,0:51,5.5,13:35,5.3,,10/5/26,05:06,21:59
11/5/26,Mon,11,1:07,3.8,7:22,1.5,14:17,3.8,20:11,1.7,,,Mon,11,1:23,4.1,7:43,1.6,14:15,4.1,20:21,1.8,,,,Mon,11,1:51,5.4,14:41,5.4,,11/5/26,05:04,21:59
12/5/26,Tue,12,2:20,3.9,8:33,1.3,15:15,4.0,21:12,1.4,,,Tue ,12,2:34,4.3,8:51,1.3,15:19,4.4,21:25,1.4,,,,Tue ,12,2:56,5.6,15:51,5.7,,12/5/26,05:02,22:01
13/5/26,Wed,13,3:19,4.2,9:30,1.0,16:04,4.4,22:03,1.0,,,Wed,13,3:36,4.6,9:48,1.0,16:15,4.8,22:19,1.0,,,,Wed,13,4:03,5.9,16:44,6.0,,13/5/26,05:00,22:02
14/5/26,Thur,14,4:10,4.5,10:20,0.7,16:48,4.7,22:50,0.7,,,Thur,14,4:32,4.9,10:40,0.7,17:05,5.1,23:08,0.7,,,,Thur,14,4:58,6.2,17:28,6.3,,14/5/26,04:58,22:04
15/5/26,Fri,15,4:58,4.8,11:07,0.5,17:31,4.9,23:36,0.5,,,Fri,15,5:25,5.2,11:29,0.4,17:54,5.3,23:56,0.4,,,,Fri,15,5:46,6.5,18:10,6.6,,15/5/26,04:56,22:06
16/5/26,Sat,16,5:44,4.9,11:53,0.4,,,18:15,5.1,,,Sat ,16,,,6:17,5.4,12:15,0.3,18:42,5.5,,,,Sat ,16,6:32,6.7,18:54,6.9,,16/5/26,04:54,22:08
17/5/26,Sun,17,0:21,0.3,6:31,5.0,12:38,0.3,18:59,5.1,,,Sun,17,0:42,0.2,7:07,5.5,13:01,0.2,19:29,5.6,,,,Sun,17,7:20,6.9,19:40,6.9,,17/5/26,04:53,22:10
18/5/26,Mon,18,1:05,0.2,7:20,5.0,13:23,0.4,19:44,5.1,,,Mon,18,1:27,0.2,7:58,5.5,13:45,0.3,20:16,5.5,,,,Mon,18,8:09,6.8,20:27,6.9,,18/5/26,04:51,22:12
19/5/26,Tue,19,1:51,0.2,8:09,4.9,14:09,0.6,20:30,4.9,,,Tue ,19,2:13,0.2,8:47,5.4,14:30,0.5,21:02,5.4,,,,Tue ,19,9:00,6.7,21:17,6.8,,19/5/26,04:49,22:14
20/5/26,Wed,20,2:37,0.4,9:00,4.7,14:57,0.8,21:18,4.7,,,Wed,20,3:00,0.3,9:37,5.2,15:17,0.8,21:50,5.2,,,,Wed,20,9:53,6.5,22:09,6.6,,20/5/26,04:48,22:18
21/5/26,Thur,21,3:27,0.6,9:54,4.4,15:49,1.1,22:09,4.4,,,Thur,21,3:49,0.6,10:29,4.9,16:06,1.1,22:42,5.0,,,,Thur,21,10:49,6.2,23:05,6.3,,21/5/26,04:46,22:17
22/5/26,Fri,22,4:21,0.8,10:54,4.1,16:49,1.3,23:06,4.2,,,Fri,22,4:44,0.8,11:26,4.7,17:03,1.4,23:40,4.7,,,,Fri,22,11:49,6.0,,,,22/5/26,04:44,22:19
23/5/26,Sat,23,5:24,1.0,,,12:04,3.9,18:00,1.5,,,Sat ,23,5:45,1.1,,,12:29,4.5,18:08,1.6,,,,Sat ,23,0:06,6.0,12:57,5.8,,23/5/26,04:42,22:21
24/5/26,Sun,24,0:13,4.0,6:35,1.1,13:24,3.9,19:15,1.5,,,Sun,24,0:46,4.5,6:52,1.2,13:36,4.4,19:20,1.6,,,,Sun,24,1:18,5.8,14:11,5.7,,24/5/26,04:41,22:23
25/5/26,Mon,25,1:30,3.9,7:45,1.1,14:32,4.0,20:23,1.4,,,Mon,25,1:55,4.5,8:01,1.2,14:43,4.4,20:31,1.5,,,,Mon,25,2:35,5.7,15:19,5.7,,25/5/26,04:39,22:24
26/5/26,Tue,26,2:42,4.0,8:47,1.1,15:28,4.1,21:20,1.3,,,Tue ,26,3:03,4.5,9:04,1.2,15:43,4.6,21:33,1.3,,,,Tue ,26,3:43,5.7,16:15,5.8,,26/5/26,04:38,22:26
27/5/26,Wed,27,3:40,4.1,9:41,1.0,16:16,4.3,22:09,1.1,,,Wed,27,4:04,4.6,9:59,1.1,16:35,4.7,22:25,1.1,,,,Wed,27,4:39,5.8,17:03,6.0,,27/5/26,04:36,22:28
28/5/26,Thur,28,4:29,4.2,10:28,1.0,16:59,4.4,22:54,1.0,,,Thur,28,4:54,4.7,10:46,1.0,17:18,4.9,23:11,1.0,,,,Thur,28,5:26,5.9,17:44,6.1,,28/5/26,04:35,22:29
29/5/26,Fri,29,5:12,4.3,11:11,1.0,17:37,4.5,23:35,0.9,,,Fri,29,5:38,4.7,11:28,1.0,17:57,4.9,23:52,0.9,,,,Fri,29,6:07,6.0,18:21,6.2,,29/5/26,04:34,22:31
30/5/26,Sat,30,5:51,4.4,11:51,1.0,,,18:13,4.6,,,Sat ,30,,,6:17,4.8,12:07,0.9,18:32,5.0,,,,Sat ,30,6:46,6.1,18:57,6.3,,30/5/26,04:32,22:32
31/5/26,Sun,31,0:13,0.9,6:28,4.4,12:28,1.0,18:47,4.6,,,Sun,31,0:30,0.8,6:54,4.8,12:43,1.0,19:07,5.0,,,,Sun,31,7:23,6.1,19:33,6.4,,31/5/26,04:31,22:34
,June,,,,,,,,,,,,,,,,,,,,,,,,,,,,,,,,,,
1/6/26,Mon,1,0:50,0.9,7:03,4.4,13:03,1.1,19:20,4.6,,,Mon,1,1:06,0.8,7:30,4.8,13:17,1.0,19:40,5.0,,,,Mon,1,8:00,6.1,20:10,6.4,,1/6/26,04:31,22:37
2/6/26,Tue,2,1:24,0.9,7:38,4.4,13:36,1.1,19:55,4.6,,,Tue ,2,1:41,0.8,8:03,4.7,13:49,1.1,20:12,4.9,,,,Tue ,2,8:38,6.1,20:47,6.3,,2/6/26,04:29,22:37
3/6/26,Wed,3,1:57,0.9,8:13,4.3,14:09,1.2,20:31,4.5,,,Wed,3,2:14,0.9,8:36,4.6,14:22,1.1,20:45,4.9,,,,Wed,3,9:16,6.1,21:25,6.2,,3/6/26,04:28,22:38
4/6/26,Thur,4,2:31,1.0,8:50,4.2,14:45,1.3,21:07,4.4,,,Thur,4,2:47,0.9,9:10,4.6,14:55,1.2,21:20,4.8,,,,Thur,4,9:55,5.9,22:01,6.1,,4/6/26,04:27,22:39
5/6/26,Fri,5,3:07,1.0,9:28,4.1,15:23,1.4,21:46,4.3,,,Fri,5,3:22,1.0,9:46,4.5,15:33,1.3,21:59,4.6,,,,Fri,5,10:34,5.8,22:40,6.0,,5/6/26,04:26,22:41
6/6/26,Sat,6,3:47,1.1,10:12,4.0,16:06,1.5,22:29,4.2,,,Sat ,6,4:02,1.1,10:28,4.4,16:15,1.4,22:43,4.5,,,,Sat ,6,11:16,5.7,23:24,5.8,,6/6/26,04:25,22:42
7/6/26,Sun,7,4:32,1.2,11:02,3.9,16:58,1.6,23:19,4.1,,,Sun,7,4:48,1.2,11:16,4.3,17:06,1.6,23:34,4.4,,,,Sun,7,,,12:03,5.6,,7/6/26,04:24,22:43
8/6/26,Mon,8,5:26,1.2,,,12:04,3.8,18:00,1.6,,,Mon,8,5:42,1.3,,,12:15,4.2,18:08,1.6,,,,Mon,8,0:15,5.7,12:56,5.6,,8/6/26,04:23,22:44
9/6/26,Tue,9,0:20,4.0,6:28,1.3,13:15,3.9,19:10,1.6,,,Tue ,9,0:36,4.4,6:46,1.3,13:22,4.3,19:21,1.6,,,,Tue ,9,1:11,5.7,13:53,5.6,,9/6/26,04:23,22:45
10/6/26,Wed,10,1:26,4.1,7:35,1.2,14:22,4.1,20:20,1.4,,,Wed,10,1:43,4.4,7:56,1.2,14:27,4.5,20:34,1.4,,,,Wed,10,2:11,5.8,14:55,5.8,,10/6/26,04:23,22:48
11/6/26,Thur,11,2:32,4.2,8:39,1.1,15:21,4.3,21:23,1.1,,,Thur,11,2:50,4.6,9:01,1.0,15:29,4.7,21:37,1.1,,,,Thur,11,3:14,5.9,15:56,6.0,,11/6/26,04:22,22:47
12/6/26,Fri,12,3:32,4.4,9:39,0.9,16:14,4.6,22:20,0.9,,,Fri,12,3:54,4.8,10:01,0.8,16:28,5.0,22:36,0.8,,,,Fri,12,4:19,6.1,16:53,6.3,,12/6/26,04:21,22:48
13/6/26,Sat,13,4:29,4.6,10:36,0.7,17:06,4.8,23:15,0.6,,,Sat ,13,4:56,5.0,10:58,0.7,17:25,5.2,23:32,0.6,,,,Sat ,13,5:19,6.4,17:45,6.6,,13/6/26,04:21,22:49
14/6/26,Sun,14,5:24,4.7,11:30,0.6,17:56,4.9,,,,,Sun,14,5:56,5.1,11:53,0.6,,,18:21,5.3,,,,Sun,14,6:14,6.6,18:36,6.8,,14/6/26,04:20,22:50
15/6/26,Mon,15,0:07,0.4,6:18,4.8,12:23,0.5,18:46,5.0,,,Mon,15,0:25,0.4,6:54,5.3,12:45,0.5,19:14,5.4,,,,Mon,15,7:07,6.7,19:26,6.9,,15/6/26,04:20,22:51
16/6/26,Tue,16,0:57,0.3,7:12,4.8,13:14,0.5,19:34,5.0,,,Tue ,16,1:16,0.2,7:49,5.3,13:35,0.5,20:05,5.5,,,,Tue ,16,7:59,6.8,20:17,7.0,,16/6/26,04:20,22:51
17/6/26,Wed,17,1:45,0.2,8:04,4.8,14:02,0.6,20:23,4.9,,,Wed,17,2:06,0.2,8:40,5.3,14:23,0.5,20:54,5.5,,,,Wed,17,8:51,6.7,21:08,6.9,,17/6/26,04:20,22:52
18/6/26,Thur,18,2:32,0.2,8:54,4.7,14:50,0.7,21:10,4.8,,,Thur,18,2:55,0.2,9:29,5.2,15:10,0.7,21:42,5.4,,,,Thur,18,9:43,6.6,21:58,6.8,,18/6/26,04:19,22:52
19/6/26,Fri,19,3:20,0.3,9:45,4.5,15:39,0.8,21:57,4.6,,,Fri,19,3:42,0.3,10:17,5.1,15:57,0.8,22:29,5.2,,,,Fri,19,10:35,6.4,22:50,6.5,,19/6/26,04:19,22:53
20/6/26,Sat,20,4:08,0.5,10:36,4.3,16:29,1.0,22:46,4.4,,,Sat ,20,4:29,0.5,11:05,4.8,16:44,1.1,23:17,4.9,,,,Sat ,20,11:28,6.2,23:44,6.3,,20/6/26,04:20,22:54
21/6/26,Sun,21,4:59,0.8,11:31,4.1,17:25,1.2,23:40,4.2,,,Sun,21,5:18,0.8,11:56,4.6,17:35,1.3,,,,,,Sun,21,,,12:24,6.0,,21/6/26,04:20,22:54
22/6/26,Mon,22,5:54,1.0,,,12:32,4.0,18:27,1.4,,,Mon,22,0:10,4.7,6:11,1.1,12:51,4.4,18:33,1.5,,,,Mon,22,0:40,6.0,13:23,5.8,,22/6/26,04:20,22:54
23/6/26,Tue,23,0:40,4.0,6:54,1.2,13:39,3.9,19:31,1.5,,,Tue ,23,1:08,4.5,7:10,1.3,13:50,4.3,19:38,1.6,,,,Tue ,23,1:44,5.8,14:26,5.7,,23/6/26,04:20,22:54
24/6/26,Wed,24,1:47,3.9,7:55,1.3,14:41,4.0,20:34,1.5,,,Wed,24,2:12,4.3,8:12,1.4,14:51,4.4,20:45,1.6,,,,Wed,24,2:54,5.6,15:30,5.7,,24/6/26,04:20,22:54
25/6/26,Thur,25,2:54,3.9,8:54,1.4,15:37,4.1,21:32,1.4,,,Thur,25,3:17,4.3,9:12,1.4,15:50,4.4,21:47,1.5,,,,Thur,25,4:02,5.6,16:27,5.7,,25/6/26,04:21,22:54
26/6/26,Fri,26,3:53,4.0,9:50,1.4,16:27,4.2,22:24,1.3,,,Fri,26,4:18,4.3,10:09,1.4,16:43,4.6,22:41,1.3,,,,Fri,26,4:58,5.6,17:15,5.9,,26/6/26,04:21,22:54
27/6/26,Sat,27,4:44,4.0,10:41,1.3,17:12,4.3,23:12,1.2,,,Sat ,27,5:11,4.4,10:59,1.3,17:30,4.7,23:30,1.2,,,,Sat ,27,5:46,5.7,17:57,6.0,,27/6/26,04:22,22:54
28/6/26,Sun,28,5:30,4.1,11:27,1.3,17:53,4.4,23:56,1.1,,,Sun,28,5:58,4.5,11:45,1.3,,,18:12,4.8,,,,Sun,28,6:27,5.8,18:37,6.2,,28/6/26,04:22,22:54
29/6/26,Mon,29,,,6:12,4.2,12:09,1.2,18:30,4.5,,,Mon,29,0:13,1.0,6:39,4.6,12:26,1.2,18:49,4.9,,,,Mon,29,7:06,6.0,19:16,6.3,,29/6/26,04:23,22:54
30/6/26,Tue,30,0:36,1.0,6:49,4.2,12:47,1.2,19:06,4.6,,,Tue ,30,0:53,0.9,7:16,4.6,13:04,1.1,19:24,4.9,,,,Tue ,30,7:45,6.1,19:54,6.4,,30/6/26,04:24,22:53
,July,,,,,,,,,,,,,,,,,,,,,,,,,,,,,,,,,,
1/7/26,Wed,1,1:12,0.9,7:25,4.3,13:21,1.1,19:41,4.6,,,Wed,1,1:29,0.8,7:51,4.7,13:38,1.1,19:58,5.0,,,,Wed,1,8:22,6.1,20:31,6.4,,1/7/26,04:26,22:53
2/7/26,Thur,2,1:46,0.9,8:00,4.3,13:55,1.1,20:15,4.6,,,Thur,2,2:03,0.8,8:24,4.7,14:12,1.0,20:32,5.0,,,,Thur,2,9:00,6.1,21:07,6.4,,2/7/26,04:25,22:52
3/7/26,Fri,3,2:18,0.8,8:34,4.3,14:29,1.1,20:50,4.6,,,Fri,3,2:36,0.7,8:57,4.7,14:46,1.0,21:07,5.0,,,,Fri,3,9:35,6.1,21:39,6.3,,3/7/26,04:26,22:52
4/7/26,Sat,4,2:51,0.8,9:11,4.3,15:04,1.1,21:25,4.5,,,Sat ,4,3:10,0.7,9:32,4.7,15:21,1.0,21:43,4.9,,,,Sat ,4,10:09,6.1,22:13,6.2,,4/7/26,04:27,22:51
5/7/26,Sun,5,3:27,0.8,9:49,4.3,15:43,1.2,22:04,4.4,,,Sun,5,3:46,0.7,10:10,4.7,15:59,1.1,22:22,4.8,,,,Sun,5,10:45,6.0,22:53,6.1,,5/7/26,04:28,22:51
6/7/26,Mon,6,4:07,0.9,10:32,4.2,16:28,1.3,22:48,4.3,,,Mon,6,4:25,0.8,10:50,4.6,16:41,1.2,23:05,4.7,,,,Mon,6,11:27,5.9,23:40,6.0,,6/7/26,04:29,22:50
7/7/26,Tue,7,4:53,1.0,11:22,4.1,17:20,1.4,23:41,4.2,,,Tue ,7,5:09,1.0,11:38,4.5,17:31,1.3,23:56,4.5,,,,Tue ,7,,,12:16,5.8,,7/7/26,04:30,22:49
8/7/26,Wed,8,5:46,1.2,,,12:24,4.1,18:23,1.5,,,Wed,8,,,6:01,1.1,12:35,4.5,18:33,1.4,,,,Wed,8,0:34,5.9,13:11,5.8,,8/7/26,04:32,22:48
9/7/26,Thur,9,0:45,4.1,6:48,1.3,13:36,4.1,19:35,1.5,,,Thur,9,1:00,4.5,7:06,1.2,13:43,4.5,19:48,1.4,,,,Thur,9,1:34,5.9,14:13,5.8,,9/7/26,04:33,22:48
10/7/26,Fri,10,1:56,4.1,7:57,1.3,14:46,4.2,20:52,1.3,,,Fri,10,2:12,4.5,8:20,1.2,14:52,4.6,21:04,1.3,,,,Fri,10,2:40,5.8,15:22,5.9,,10/7/26,04:35,22:46
11/7/26,Sat,11,3:06,4.2,9:09,1.2,15:50,4.4,22:04,1.1,,,Sat ,11,3:27,4.6,9:31,1.1,16:01,4.8,22:13,1.0,,,,Sat ,11,3:55,5.9,16:31,6.1,,11/7/26,04:35,22:46
12/7/26,Sun,12,4:13,4.3,10:19,1.1,16:50,4.6,23:07,0.8,,,Sun,12,4:40,4.7,10:38,1.0,17:08,5.0,23:17,0.8,,,,Sun,12,5:05,6.1,17:32,6.4,,12/7/26,04:37,22:45
13/7/26,Mon,13,5:15,4.5,11:22,0.9,17:46,4.8,,,,,Mon,13,5:48,4.9,11:40,0.8,,,18:10,5.2,,,,Mon,13,6:05,6.4,18:27,6.7,,13/7/26,04:38,22:43
14/7/26,Tue,14,0:02,0.5,6:13,4.7,12:18,0.7,18:38,5.0,,,Tue ,14,0:16,0.5,6:48,5.1,12:37,0.6,19:06,5.4,,,,Tue ,14,6:59,6.6,19:18,6.9,,14/7/26,04:40,22:42
15/7/26,Wed,15,0:52,0.2,7:06,4.8,13:08,0.5,19:26,5.1,,,Wed,15,1:09,0.2,7:42,5.3,13:27,0.5,19:57,5.5,,,,Wed,15,7:50,6.8,20:07,7.1,,15/7/26,04:41,22:41
16/7/26,Thur,16,1:38,0.1,7:55,4.8,13:54,0.5,20:12,5.1,,,Thur,16,1:57,0.0,8:30,5.4,14:13,0.4,20:43,5.6,,,,Thur,16,8:39,6.8,20:54,7.1,,16/7/26,04:43,22:40
17/7/26,Fri,17,2:21,0.1,8:41,4.8,14:37,0.5,20:55,5.0,,,Fri,17,2:42,0.0,9:14,5.3,14:56,0.4,21:25,5.5,,,,Fri,17,9:26,6.8,21:41,7.0,,17/7/26,04:44,22:38
18/7/26,Sat,18,3:03,0.2,9:25,4.7,15:19,0.6,21:37,4.8,,,Sat ,18,3:23,0.1,9:54,5.2,15:36,0.6,22:05,5.3,,,,Sat ,18,10:11,6.6,22:26,6.7,,18/7/26,04:46,22:37
19/7/26,Sun,19,3:44,0.4,10:07,4.5,16:00,0.9,22:19,4.6,,,Sun,19,4:03,0.4,10:34,5.0,16:15,0.8,22:45,5.1,,,,Sun,19,10:56,6.4,23:11,6.4,,19/7/26,04:47,22:36
20/7/26,Mon,20,4:25,0.7,10:50,4.3,16:44,1.2,23:04,4.3,,,Mon,20,4:43,0.7,11:14,4.7,16:56,1.1,23:27,4.7,,,,Mon,20,11:42,6.1,23:57,6.1,,20/7/26,04:50,22:33
21/7/26,Tue,21,5:09,1.1,11:38,4.1,17:35,1.5,23:54,4.1,,,Tue ,21,5:24,1.1,11:59,4.5,17:42,1.4,,,,,,Tue ,21,,,12:28,5.9,,21/7/26,04:51,22:33
22/7/26,Wed,22,,,6:00,1.4,12:36,3.9,18:37,1.7,,,Wed,22,0:16,4.4,6:12,1.4,12:53,4.3,18:40,1.7,,,,Wed,22,0:47,5.8,13:19,5.7,,22/7/26,04:52,22:31
23/7/26,Thur,23,0:55,3.8,7:02,1.7,13:47,3.8,19:50,1.8,,,Thur,23,1:17,4.1,7:14,1.7,13:57,4.1,19:55,1.8,,,,Thur,23,1:43,5.5,14:20,5.5,,23/7/26,04:54,22:29
24/7/26,Fri,24,2:08,3.7,8:12,1.8,14:59,3.9,21:02,1.8,,,Fri,24,2:31,4.0,8:26,1.8,15:07,4.2,21:12,1.8,,,,Fri,24,3:10,5.3,15:45,5.5,,24/7/26,04:56,22:28
25/7/26,Sat,25,3:23,3.7,9:21,1.8,16:01,4.0,22:05,1.6,,,Sat ,25,3:48,4.0,9:38,1.8,16:13,4.3,22:19,1.6,,,,Sat ,25,4:38,5.4,16:54,5.7,,25/7/26,04:58,22:26
26/7/26,Sun,26,4:25,3.8,10:21,1.7,16:52,4.2,22:57,1.4,,,Sun,26,4:52,4.2,10:40,1.6,17:09,4.5,23:13,1.3,,,,Sun,26,5:34,5.5,17:43,5.9,,26/7/26,04:59,22:24
27/7/26,Mon,27,5:15,4.0,11:11,1.5,17:36,4.4,23:42,1.2,,,Mon,27,5:43,4.3,11:30,1.4,17:54,4.7,23:58,1.1,,,,Mon,27,6:17,5.7,18:24,6.1,,27/7/26,05:01,22:23
28/7/26,Tue,28,5:57,4.1,11:54,1.3,,,18:14,4.5,,,Tue ,28,,,6:25,4.5,12:12,1.2,18:33,4.8,,,,Tue ,28,6:55,5.9,19:02,6.3,,28/7/26,05:03,22:21
29/7/26,Wed,29,0:21,1.0,6:34,4.2,12:31,1.1,18:49,4.6,,,Wed,29,0:37,0.9,7:01,4.7,12:50,1.0,19:08,5.0,,,,Wed,29,7:30,6.1,19:39,6.4,,29/7/26,05:05,22:19
30/7/26,Thur,30,0:56,0.8,7:08,4.4,13:06,1.0,19:22,4.7,,,Thur,30,1:12,0.7,7:34,4.8,13:24,0.9,19:42,5.1,,,,Thur,30,8:05,6.2,20:13,6.5,,30/7/26,05:07,22:17
31/7/26,Fri,31,1:29,0.7,7:40,4.5,13:38,0.9,19:55,4.8,,,Fri,31,1:46,0.6,8:07,4.9,13:57,0.7,20:16,5.2,,,,Fri,31,8:39,6.3,20:45,6.5,,31/7/26,05:08,22:15
,August,,,,,,,,,,,,,,,,,,,,,,,,,,,,,,,,,,
1/8/26,Sat,1,1:59,0.6,8:13,4.5,14:10,0.9,20:28,4.8,,,Sat ,1,2:19,0.5,8:40,5.0,14:30,0.7,20:50,5.2,,,,Sat ,1,9:11,6.3,21:15,6.5,,1/8/26,05:11,22:11
2/8/26,Sun,2,2:30,0.6,8:47,4.6,14:43,0.9,21:02,4.8,,,Sun,2,2:51,0.4,9:14,5.0,15:03,0.7,21:25,5.2,,,,Sun,2,9:40,6.3,21:46,6.5,,2/8/26,05:12,22:11
3/8/26,Mon,3,3:04,0.7,9:22,4.6,15:19,1.0,21:39,4.7,,,Mon,3,3:24,0.5,9:49,4.9,15:38,0.8,22:01,5.0,,,,Mon,3,10:13,6.2,22:24,6.4,,3/8/26,05:14,22:09
4/8/26,Tue,4,3:40,0.8,10:00,4.5,15:59,1.1,22:20,4.6,,,Tue ,4,3:59,0.6,10:25,4.8,16:16,0.9,22:39,4.8,,,,Tue ,4,10:52,6.1,23:09,6.2,,4/8/26,05:16,22:07
5/8/26,Wed,5,4:22,1.0,10:45,4.3,16:47,1.3,23:11,4.3,,,Wed,5,4:39,0.8,11:06,4.7,17:00,1.1,23:25,4.6,,,,Wed,5,11:38,6.0,,,,5/8/26,05:18,22:05
6/8/26,Thur,6,5:11,1.2,11:42,4.2,17:48,1.5,,,,,Thur,6,5:26,1.1,11:58,4.5,17:56,1.4,,,,,,Thur,6,0:01,6.0,12:33,5.8,,6/8/26,05:20,22:03
7/8/26,Fri,7,0:15,4.1,6:13,1.5,13:00,4.0,19:06,1.6,,,Fri,7,0:27,4.4,6:28,1.4,13:08,4.4,19:14,1.5,,,,Fri,7,1:04,5.8,13:40,5.7,,7/8/26,05:22,22:01
8/8/26,Sat,8,1:35,4.0,7:33,1.6,14:24,4.0,20:43,1.5,,,Sat ,8,1:49,4.3,7:51,1.5,14:29,4.4,20:43,1.5,,,,Sat ,8,2:18,5.6,15:02,5.7,,8/8/26,05:23,21:59
9/8/26,Sun,9,2:57,4.0,9:03,1.5,15:41,4.2,22:05,1.2,,,Sun,9,3:18,4.4,9:15,1.5,15:50,4.6,22:03,1.2,,,,Sun,9,3:47,5.7,16:25,6.0,,9/8/26,05:25,21:57
10/8/26,Mon,10,4:12,4.2,10:22,1.3,16:46,4.5,23:06,0.8,,,Mon,10,4:40,4.6,10:32,1.3,17:05,4.9,23:12,0.8,,,,Mon,10,5:04,6.0,17:29,6.3,,10/8/26,05:28,21:52
11/8/26,Tue,11,5:16,4.5,11:23,0.9,17:42,4.8,23:57,0.4,,,Tue ,11,5:48,4.9,11:36,0.9,,,18:07,5.2,,,,Tue ,11,6:02,6.3,18:22,6.7,,11/8/26,05:29,21:52
12/8/26,Wed,12,,,6:10,4.7,12:13,0.6,18:31,5.0,,,Wed,12,0:09,0.4,6:43,5.2,12:28,0.6,18:58,5.5,,,,Wed,12,6:52,6.6,19:09,7.0,,12/8/26,05:31,21:50
13/8/26,Thur,13,0:43,0.1,6:56,4.9,12:58,0.4,19:14,5.2,,,Thur,13,0:57,0.1,7:29,5.4,13:14,0.4,19:43,5.6,,,,Thur,13,7:38,6.8,19:53,7.1,,13/8/26,05:33,21:48
14/8/26,Fri,14,1:23,0.0,7:39,5.0,13:38,0.3,19:55,5.2,,,Fri,14,1:40,-0.1,8:11,5.5,13:55,0.3,20:23,5.7,,,,Fri,14,8:21,6.9,20:36,7.1,,14/8/26,05:35,21:46
15/8/26,Sat,15,2:02,0.1,8:19,5.0,14:16,0.4,20:34,5.1,,,Sat ,15,2:20,-0.1,8:48,5.4,14:33,0.3,20:59,5.6,,,,Sat ,15,9:02,6.9,21:17,7.0,,15/8/26,05:37,21:43
16/8/26,Sun,16,2:39,0.2,8:56,4.9,14:51,0.6,21:11,5.0,,,Sun,16,2:57,0.1,9:23,5.3,15:08,0.4,21:34,5.4,,,,Sun,16,9:41,6.7,21:56,6.8,,16/8/26,05:39,21:41
17/8/26,Mon,17,3:13,0.5,9:32,4.7,15:26,0.9,21:48,4.7,,,Mon,17,3:31,0.4,9:56,5.1,15:42,0.7,22:08,5.1,,,,Mon,17,10:20,6.5,22:35,6.4,,17/8/26,05:41,21:39
18/8/26,Tue,18,3:48,0.9,10:08,4.5,16:03,1.2,22:27,4.4,,,Tue ,18,4:03,0.8,10:30,4.8,16:16,1.0,22:43,4.7,,,,Tue ,18,10:59,6.2,23:17,6.1,,18/8/26,05:42,21:37
19/8/26,Wed,19,4:24,1.3,10:49,4.2,16:45,1.5,23:11,4.0,,,Wed,19,4:36,1.2,11:08,4.5,16:53,1.4,23:24,4.3,,,,Wed,19,11:41,5.9,,,,19/8/26,05:44,21:34
20/8/26,Thur,20,5:07,1.7,11:38,3.9,17:40,1.9,,,,,Thur,20,5:14,1.6,11:54,4.2,17:42,1.8,,,,,,Thur,20,0:02,5.7,12:28,5.7,,20/8/26,05:47,21:30
21/8/26,Fri,21,0:07,3.7,6:04,2.0,12:47,3.7,19:00,2.1,,,Fri,21,0:20,4.0,6:09,2.0,13:00,4.0,19:02,2.1,,,,Fri,21,0:54,5.4,13:21,5.5,,21/8/26,05:48,21:30
22/8/26,Sat,22,1:27,3.5,7:27,2.1,14:19,3.7,20:39,2.0,,,Sat ,22,1:45,3.7,7:41,2.2,14:24,3.9,20:43,2.0,,,,Sat ,22,1:55,5.2,14:29,5.4,,22/8/26,05:50,21:27
23/8/26,Sun,23,2:59,3.5,9:01,2.1,15:35,3.8,21:50,1.8,,,Sun,23,3:22,3.8,9:18,2.1,15:45,4.1,22:00,1.8,,,,Sun,23,4:29,5.2,16:42,5.5,,23/8/26,05:52,21:25
24/8/26,Mon,24,4:07,3.7,10:07,1.8,16:31,4.1,22:41,1.5,,,Mon,24,4:34,4.1,10:25,1.8,16:46,4.4,22:53,1.4,,,,Mon,24,5:24,5.4,17:31,5.8,,24/8/26,05:54,21:22
25/8/26,Tue,25,4:56,3.9,10:55,1.5,17:14,4.3,23:22,1.1,,,Tue ,25,5:24,4.3,11:12,1.5,17:32,4.7,23:35,1.1,,,,Tue ,25,6:04,5.7,18:10,6.0,,25/8/26,05:55,21:20
26/8/26,Wed,26,5:35,4.2,11:34,1.2,17:51,4.5,23:58,0.9,,,Wed,26,6:03,4.6,11:51,1.2,18:10,4.9,0:12,0.8,,,,Wed,26,6:38,5.9,18:44,6.3,,26/8/26,05:57,21:18
27/8/26,Thur,27,,,6:10,4.4,12:09,1.0,18:25,4.7,,,Thur,27,6:37,4.8,12:27,0.9,18:44,5.1,0:48,0.6,,,,Thur,27,7:10,6.2,19:17,6.5,,27/8/26,05:59,21:15
28/8/26,Fri,28,0:32,0.7,6:42,4.6,12:43,0.8,18:57,4.9,,,Fri,28,7:09,5.0,13:02,0.7,19:19,5.3,,,,,,Fri,28,7:40,6.3,19:48,6.6,,28/8/26,06:01,21:13
29/8/26,Sat,29,1:03,0.5,7:14,4.7,13:15,0.7,19:30,5.0,,,Sat ,29,1:21,0.4,7:43,5.2,13:35,0.5,19:54,5.4,,,,Sat ,29,8:10,6.5,20:17,6.7,,29/8/26,06:03,21:10
30/8/26,Sun,30,1:34,0.4,7:46,4.8,13:47,0.6,20:03,5.0,,,Sun,30,1:54,0.3,8:17,5.3,14:08,0.4,20:30,5.5,,,,Sun,30,8:39,6.5,20:46,6.7,,30/8/26,06:05,21:08
31/8/26,Mon,31,2:06,0.4,8:19,4.9,14:20,0.7,20:37,5.0,,,Mon,31,2:27,0.3,8:52,5.3,14:42,0.5,21:05,5.4,,,,Mon,31,9:09,6.5,21:20,6.7,,31/8/26,06:06,21:05
,September,,,,,,,,,,,,,,,,,,,,,,,,,,,,,,,,,,
1/9/26,Tue,1,2:39,0.5,8:54,4.8,14:55,0.8,21:15,4.9,,,Tue ,1,3:00,0.4,9:26,5.2,15:16,0.6,21:41,5.2,,,,Tue ,1,9:43,6.5,21:59,6.5,,1/9/26,06:09,21:01
2/9/26,Wed,2,3:14,0.7,9:33,4.7,15:35,1.0,21:58,4.6,,,Wed,2,3:35,0.6,10:01,5.0,15:53,0.8,22:19,4.9,,,,Wed,2,10:22,6.3,22:44,6.3,,2/9/26,06:10,21:01
3/9/26,Thur,3,3:55,1.0,10:17,4.4,16:23,1.3,22:50,4.3,,,Thur,3,4:13,0.9,10:41,4.8,16:36,1.1,23:06,4.6,,,,Thur,3,11:08,6.1,23:38,5.9,,3/9/26,06:12,20:58
4/9/26,Fri,4,4:45,1.4,11:13,4.1,17:25,1.6,23:59,4.0,,,Fri,4,4:59,1.3,11:33,4.5,17:32,1.4,,,,,,Fri,4,,,12:04,5.8,,4/9/26,06:14,20:56
5/9/26,Sat,5,5:52,1.7,,,12:37,3.9,18:58,1.7,,,Sat ,5,0:13,4.3,6:03,1.7,12:48,4.3,18:58,1.7,,,,Sat ,5,0:46,5.6,13:18,5.6,,5/9/26,06:15,20:53
6/9/26,Sun,6,1:28,3.8,7:30,1.8,14:16,3.9,20:52,1.5,,,Sun,6,1:46,4.2,7:38,1.9,14:21,4.3,20:37,1.6,,,,Sun,6,2:12,5.4,14:56,5.6,,6/9/26,06:17,20:51
7/9/26,Mon,7,3:04,3.9,9:16,1.6,15:42,4.2,22:05,1.1,,,Mon,7,3:23,4.4,9:13,1.7,15:50,4.6,22:00,1.2,,,,Mon,7,3:53,5.6,16:24,5.9,,7/9/26,06:19,20:48
8/9/26,Tue,8,4:18,4.2,10:24,1.2,16:44,4.5,22:58,0.6,,,Tue ,8,4:42,4.7,10:29,1.3,17:02,5.0,23:03,0.7,,,,Tue ,8,5:04,5.9,17:23,6.3,,8/9/26,06:21,20:46
9/9/26,Wed,9,5:13,4.5,11:15,0.8,17:34,4.8,23:43,0.3,,,Wed,9,5:41,5.1,11:25,0.9,17:57,5.3,23:53,0.4,,,,Wed,9,5:55,6.3,18:11,6.7,,9/9/26,06:22,20:43
10/9/26,Thur,10,5:58,4.8,11:59,0.5,,,18:16,5.1,,,Thur,10,,,6:28,5.3,12:12,0.5,18:42,5.6,,,,Thur,10,6:38,6.6,18:54,6.9,,10/9/26,06:26,2039
11/9/26,Fri,11,0:24,0.1,6:39,5.0,12:39,0.4,18:56,5.2,,,Fri,11,0:37,0.1,7:08,5.5,12:53,0.3,19:21,5.7,,,,Fri,11,7:19,6.8,19:34,7.1,,11/9/26,06:26,20:38
12/9/26,Sat,12,1:01,0.1,7:16,5.0,13:16,0.3,19:33,5.2,,,Sat ,12,1:16,0.0,7:44,5.5,13:30,0.2,19:56,5.7,,,,Sat ,12,7:57,6.9,20:12,7.0,,12/9/26,06:28,20:36
13/9/26,Sun,13,1:36,0.2,7:51,5.0,13:49,0.4,20:08,5.1,,,Sun,13,1:52,0.1,8:17,5.5,14:05,0.3,20:29,5.6,,,,Sun,13,8:33,6.9,20:49,6.9,,13/9/26,06:29,20:33
14/9/26,Mon,14,2:09,0.4,8:24,4.9,14:21,0.6,20:42,4.9,,,Mon,14,2:25,0.3,8:48,5.4,14:38,0.5,21:01,5.4,,,,Mon,14,9:08,6.7,21:25,6.6,,14/9/26,06:31,20:31
15/9/26,Tue,15,2:40,0.7,8:55,4.7,14:53,0.9,21:16,4.6,,,Tue ,15,2:56,0.6,9:19,5.2,15:09,0.7,21:32,5.1,,,,Tue ,15,9:44,6.5,22:03,6.3,,15/9/26,06:33,20:28
16/9/26,Wed,16,3:10,1.1,9:28,4.5,15:26,1.2,21:51,4.3,,,Wed,16,3:25,0.9,9:50,4.9,15:40,1.1,22:05,4.7,,,,Wed,16,10:22,6.3,22:43,6.0,,16/9/26,06:35,20:26
17/9/26,Thur,17,3:43,1.4,10:04,4.2,16:04,1.6,22:32,4.0,,,Thur,17,3:53,1.3,10:24,4.6,16:12,1.4,22:41,4.3,,,,Thur,17,11:03,6.0,23:29,5.7,,17/9/26,06:36,20:23
18/9/26,Fri,18,4:22,1.8,10:49,4.0,16:53,1.9,23:23,3.7,,,Fri,18,4:26,1.7,11:05,4.3,16:54,1.8,23:31,3.9,,,,Fri,18,11:50,5.7,,,,18/9/26,06:38,20:21
19/9/26,Sat,19,5:13,2.1,11:51,3.7,,,18:04,2.1,,,Sat ,19,5:12,2.1,,,12:04,4.0,18:05,2.2,,,,Sat ,19,0:20,5.4,12:43,5.5,,19/9/26,06:40,20:18
20/9/26,Sun,20,0:42,3.4,6:31,2.3,13:31,3.6,20:04,2.1,,,Sun,20,0:55,3.7,6:44,2.4,13:35,3.9,20:05,2.2,,,,Sun,20,1:18,5.1,13:44,5.3,,20/9/26,06:43,20:14
21/9/26,Mon,21,2:26,3.4,8:30,2.2,14:58,3.7,21:21,1.8,,,Mon,21,2:45,3.7,8:48,2.3,15:04,4.0,21:25,1.9,,,,Mon,21,4:10,5.1,16:16,5.4,,21/9/26,06:43,20:14
22/9/26,Tue,22,3:35,3.7,9:39,1.9,15:56,4.0,22:10,1.4,,,Tue ,22,4:01,4.0,9:55,2.0,16:10,4.3,22:18,1.5,,,,Tue ,22,5:01,5.4,17:06,5.7,,22/9/26,06:45,20:11
23/9/26,Wed,23,4:23,3.9,10:25,1.5,16:40,4.3,22:50,1.1,,,Wed,23,4:51,4.4,10:41,1.6,16:57,4.7,23:01,1.1,,,,Wed,23,5:38,5.7,17:43,6.0,,23/9/26,06:47,20:09
24/9/26,Thur,24,5:02,4.2,11:03,1.2,17:18,4.5,23:26,0.8,,,Thur,24,5:29,4.7,11:20,1.2,17:36,5.0,23:39,0.8,,,,Thur,24,6:10,6.0,18:16,6.3,,24/9/26,06:48,20:06
25/9/26,Fri,25,5:37,4.5,11:39,0.9,17:54,4.8,23:59,0.5,,,Fri,25,6:04,5.0,11:57,0.8,,,18:13,5.3,,,,Fri,25,6:39,6.2,18:46,6.5,,25/9/26,06:50,20:04
26/9/26,Sat,26,,,6:11,4.7,12:14,0.6,18:28,5.0,,,Sat ,26,0:16,0.5,6:38,5.3,12:33,0.6,18:51,5.5,,,,Sat ,26,7:06,6.4,19:15,6.7,,26/9/26,06:52,20:01
27/9/26,Sun,27,0:34,0.4,6:44,4.9,12:49,0.5,19:02,5.1,,,Sun,27,0:52,0.3,7:14,5.5,13:09,0.4,19:29,5.6,,,,Sun,27,7:35,6.6,19:46,6.8,,27/9/26,06:53,19:59
28/9/26,Mon,28,1:07,0.3,7:19,5.0,13:23,0.4,19:38,5.1,,,Mon,28,1:27,0.2,7:51,5.5,13:44,0.3,20:08,5.6,,,,Mon,28,8:06,6.7,20:20,6.9,,28/9/26,06:55,19:56
29/9/26,Tue,29,1:41,0.4,7:54,5.1,13:58,0.5,20:16,5.1,,,Tue ,29,2:02,0.2,8:28,5.5,14:20,0.4,20:47,5.5,,,,Tue ,29,8:41,6.7,20:59,6.8,,29/9/26,06:57,19:54
30/9/26,Wed,30,2:16,0.5,8:31,5.0,14:36,0.6,20:58,4.9,,,Wed,30,2:37,0.4,9:05,5.4,14:57,0.6,21:26,5.3,,,,Wed,30,9:19,6.6,21:43,6.5,,30/9/26,06:58,19:52
,October,,,,,,,,,,,,,,,,,,,,,,,,,,,,,,,,,,
1/10/26,Thur,1,2:54,0.8,9:12,4.7,15:18,0.9,21:45,4.5,,,Thur,1,3:14,0.7,9:43,5.2,15:36,0.8,22:08,5.0,,,,Thur,1,10:01,6.4,22:31,6.2,,1/10/26,07:02,19:48
2/10/26,Fri,2,3:37,1.1,10:00,4.4,16:09,1.2,22:41,4.2,,,Fri,2,3:54,1.1,10:26,4.9,16:22,1.1,23:01,4.6,,,,Fri,2,10:50,6.1,23:30,5.8,,2/10/26,07:02,19:47
3/10/26,Sat,3,4:30,1.5,11:00,4.1,17:18,1.5,23:54,3.8,,,Sat ,3,4:43,1.5,11:23,4.6,17:23,1.5,,,,,,Sat ,3,11:51,5.8,,,,3/10/26,07:04,19:45
4/10/26,Sun,4,5:45,1.8,,,12:25,3.8,19:02,1.6,,,Sun,4,0:15,4.3,5:54,1.9,12:43,4.4,18:55,1.7,,,,Sun,4,0:43,5.5,13:10,5.6,,4/10/26,07:05,19:42
5/10/26,Mon,5,1:31,3.7,7:36,1.8,14:13,3.9,20:44,1.3,,,Mon,5,1:49,4.3,7:34,2.0,14:17,4.4,20:30,1.5,,,,Mon,5,2:16,5.4,14:53,5.6,,5/10/26,07:07,19:40
6/10/26,Tue,6,3:04,3.9,9:09,1.5,15:32,4.2,21:47,0.9,,,Tue ,6,3:18,4.5,9:05,1.7,15:41,4.7,21:45,1.1,,,,Tue ,6,3:50,5.6,16:13,5.9,,6/10/26,07:09,19:38
7/10/26,Wed,7,4:06,4.3,10:07,1.1,16:28,4.5,22:36,0.6,,,Wed,7,4:27,4.9,10:12,1.3,16:45,5.1,22:42,0.7,,,,Wed,7,4:51,6.0,17:07,6.3,,7/10/26,07:10,19:35
8/10/26,Thur,8,4:55,4.6,10:54,0.8,17:14,4.8,23:18,0.4,,,Thur,8,5:20,5.2,11:04,0.9,17:35,5.4,23:29,0.5,,,,Thur,8,5:37,6.3,17:52,6.6,,8/10/26,07:12,19:33
9/10/26,Fri,9,5:36,4.8,11:36,0.6,17:54,5.0,23:58,0.3,,,Fri,9,6:02,5.4,11:48,0.6,,,18:17,5.5,,,,Fri,9,6:17,6.6,18:33,6.8,,9/10/26,07:14,19:31
10/10/26,Sat,10,,,6:14,4.9,12:14,0.5,18:32,5.1,,,Sat ,10,0:10,0.3,6:40,5.5,12:27,0.4,18:53,5.6,,,,Sat ,10,6:54,6.7,19:11,6.8,,10/10/26,07:17,19:27
11/10/26,Sun,11,0:34,0.3,6:48,5.0,12:50,0.5,19:07,5.0,,,Sun,11,0:47,0.3,7:13,5.5,13:04,0.4,19:27,5.5,,,,Sun,11,7:30,6.8,19:47,6.8,,11/10/26,07:17,19:26
12/10/26,Mon,12,1:07,0.4,7:21,4.9,13:21,0.6,19:41,4.9,,,Mon,12,1:22,0.4,7:45,5.5,13:37,0.5,20:00,5.4,,,,Mon,12,8:04,6.8,20:22,6.7,,12/10/26,07:19,19:24
13/10/26,Tue,13,1:38,0.7,7:51,4.9,13:52,0.7,20:14,4.8,,,Tue ,13,1:54,0.6,8:16,5.4,14:10,0.6,20:31,5.2,,,,Tue ,13,8:37,6.7,20:58,6.5,,13/10/26,07:21,19:22
14/10/26,Wed,14,2:08,0.9,8:22,4.7,14:24,1.0,20:47,4.5,,,Wed,14,2:24,0.8,8:46,5.2,14:40,0.9,21:03,5.0,,,,Wed,14,9:13,6.5,21:36,6.2,,14/10/26,07:23,19:19
15/10/26,Thur,15,2:38,1.2,8:55,4.5,14:57,1.2,21:22,4.3,,,Thur,15,2:52,1.1,9:17,5.0,15:10,1.2,21:34,4.7,,,,Thur,15,9:51,6.3,22:17,6.0,,15/10/26,07:24,19:17
16/10/26,Fri,16,3:11,1.5,9:31,4.3,15:34,1.5,22:01,4.0,,,Fri,16,3:20,1.4,9:50,4.7,15:42,1.5,22:10,4.4,,,,Fri,16,10:33,6.0,23:02,5.7,,16/10/26,07:26,19:15
17/10/26,Sat,17,3:48,1.7,10:13,4.0,16:19,1.7,22:49,3.7,,,Sat ,17,3:52,1.8,10:29,4.4,16:22,1.8,22:56,4.1,,,,Sat ,17,11:19,5.8,23:52,5.4,,17/10/26,07:28,19:13
18/10/26,Sun,18,4:36,2.0,11:08,3.8,17:20,1.9,23:56,3.5,,,Sun,18,4:35,2.1,11:21,4.1,17:21,2.1,23:59,3.8,,,,Sun,18,,,12:10,5.5,,18/10/26,07:30,19:11
19/10/26,Mon,19,5:44,2.1,,,12:26,3.6,18:51,2.0,,,Mon,19,5:45,2.4,,,12:39,4.0,19:04,2.2,,,,Mon,19,0:48,5.2,13:09,5.4,,19/10/26,07:31,19:09
20/10/26,Tue,20,1:35,3.5,7:21,2.1,14:04,3.7,20:25,1.7,,,Tue ,20,1:44,3.8,7:49,2.4,14:06,4.0,20:30,1.9,,,,Tue ,20,1:54,5.1,14:16,5.4,,20/10/26,07:35,19:06
21/10/26,Wed,21,2:47,3.7,8:46,1.9,15:08,3.9,21:21,1.4,,,Wed,21,3:04,4.1,9:04,2.1,15:16,4.3,21:29,1.6,,,,Wed,21,4:17,5.3,16:17,5.6,,21/10/26,07:35,19:05
22/10/26,Thur,22,3:39,3.9,9:40,1.5,15:58,4.2,22:06,1.1,,,Thur,22,4:01,4.4,9:56,1.7,16:10,4.7,22:17,1.2,,,,Thur,22,4:57,5.6,17:00,5.9,,22/10/26,07:37,19:03
23/10/26,Fri,23,4:22,4.3,10:24,1.2,16:40,4.5,22:45,0.8,,,Fri,23,4:45,4.8,10:41,1.2,16:55,5.0,22:59,0.9,,,,Fri,23,5:29,5.9,17:34,6.2,,23/10/26,07:38,19:01
24/10/26,Sat,24,5:01,4.6,11:04,0.8,17:19,4.8,23:24,0.5,,,Sat ,24,5:25,5.1,11:22,0.9,17:38,5.3,23:40,0.6,,,,Sat ,24,5:57,6.2,18:05,6.5,,24/10/26,07:40,18:59
25/10/26,Sun,25,4:38,4.8,10:44,0.6,16:57,5.0,23:02,0.4,,,Sun,25,5:04,5.4,11:02,0.6,17:21,5.5,23:20,0.4,,,,Sun,25,5:26,6.5,17:40,6.7,,25/10/26,06:42,17:57
26/10/26,Mon,26,5:15,5.0,11:23,0.4,17:36,5.1,23:40,0.3,,,Mon,26,5:44,5.6,11:42,0.4,,,18:04,5.6,,,,Mon,26,6:00,6.7,18:18,6.9,,26/10/26,06:44,17:55
27/10/26,Tue,27,5:53,5.1,,,12:03,0.4,18:17,5.1,,,Tue ,27,0:00,0.3,6:26,5.7,12:22,0.3,18:48,5.6,,,,Tue ,27,6:38,6.9,19:00,6.9,,27/10/26,06:45,17:53
28/10/26,Wed,28,0:18,0.4,6:33,5.1,12:42,0.4,19:01,5.0,,,Wed,28,0:39,0.4,7:07,5.6,13:02,0.4,19:32,5.5,,,,Wed,28,7:18,6.9,19:45,6.8,,28/10/26,06:47,17:51
29/10/26,Thur,29,0:58,0.5,7:15,5.0,13:25,0.5,19:47,4.8,,,Thur,29,1:19,0.5,7:49,5.5,13:43,0.5,20:17,5.3,,,,Thur,29,8:03,6.8,20:34,6.5,,29/10/26,06:49,17:49
30/10/26,Fri,30,1:41,0.8,8:01,4.7,14:12,0.7,20:38,4.5,,,Fri,30,2:00,0.8,8:33,5.3,14:28,0.8,21:06,5.0,,,,Fri,30,8:50,6.5,21:27,6.2,,30/10/26,06:51,17:47
31/10/26,Sat,31,2:28,1.1,8:51,4.4,15:07,1.0,21:37,4.1,,,Sat ,31,2:46,1.2,9:21,5.0,15:19,1.1,22:04,4.7,,,,Sat ,31,9:44,6.3,22:28,5.9,,31/10/26,06:52,17:45
,November,,,,,,,,,,,,,,,,,,,,,,,,,,,,,,,,,,
1/11/26,Sun,1,3:25,1.4,9:52,4.1,16:17,1.2,22:48,3.9,,,Sun,1,3:40,1.5,10:21,4.8,16:24,1.4,23:15,4.5,,,,Sun,1,10:46,6.0,23:38,5.7,,1/11/26,06:55,17:42
2/11/26,Mon,2,4:41,1.7,11:10,3.9,17:44,1.3,,,,,Mon,2,4:51,1.8,11:36,4.6,17:44,1.5,,,,,,Mon,2,,,12:01,5.8,,2/11/26,06:56,17:42
3/11/26,Tue,3,0:19,3.8,6:14,1.7,12:49,3.9,19:09,1.2,,,Tue ,3,0:35,4.5,6:17,1.9,12:57,4.6,19:05,1.4,,,,Tue ,3,1:03,5.6,13:31,5.8,,3/11/26,06:58,17:40
4/11/26,Wed,4,1:38,4.0,7:35,1.5,14:03,4.1,20:12,1.0,,,Wed,4,1:51,4.6,7:37,1.7,14:12,4.8,20:14,1.2,,,,Wed,4,2:24,5.7,14:46,5.9,,4/11/26,07:00,17:38
5/11/26,Thur,5,2:37,4.2,8:35,1.2,14:59,4.4,21:02,0.8,,,Thur,5,2:56,4.9,8:42,1.4,15:15,5.0,21:11,0.9,,,,Thur,5,3:23,6.0,15:42,6.1,,5/11/26,07:01,17:37
6/11/26,Fri,6,3:25,4.5,9:23,1.0,15:46,4.6,21:46,0.6,,,Fri,6,3:48,5.1,9:34,1.1,16:05,5.2,21:58,0.8,,,,Fri,6,4:10,6.2,16:28,6.3,,6/11/26,07:03,17:35
7/11/26,Sat,7,4:07,4.6,10:06,0.8,16:28,4.7,22:26,0.6,,,Sat ,7,4:31,5.3,10:19,0.8,16:48,5.3,22:40,0.7,,,,Sat ,7,4:51,6.4,17:10,6.4,,7/11/26,07:05,17:33
8/11/26,Sun,8,4:45,4.7,10:46,0.7,17:06,4.8,23:03,0.7,,,Sun,8,5:09,5.4,11:00,0.7,17:26,5.3,23:18,0.7,,,,Sun,8,5:28,6.5,17:48,6.5,,8/11/26,07:07,17:32
9/11/26,Mon,9,5:20,4.8,11:23,0.7,17:43,4.8,23:38,0.8,,,Mon,9,5:44,5.4,11:38,0.7,18:02,5.3,23:54,0.8,,,,Mon,9,6:03,6.6,18:25,6.5,,9/11/26,07:08,17:30
10/11/26,Tue,10,5:52,4.8,11:57,0.8,,,18:17,4.7,,,Tue ,10,,,6:17,5.4,12:14,0.7,18:36,5.2,,,,Tue ,10,6:38,6.6,19:01,6.4,,10/11/26,07:11,17:28
11/11/26,Wed,11,0:10,0.9,6:24,4.8,12:30,0.9,18:52,4.6,,,Wed,11,0:27,0.9,6:50,5.3,12:47,0.8,19:09,5.0,,,,Wed,11,7:13,6.6,19:38,6.3,,11/11/26,07:12,17:27
12/11/26,Thur,12,0:42,1.1,6:57,4.7,13:03,1.0,19:26,4.4,,,Thur,12,0:58,1.1,7:21,5.2,13:19,1.0,19:41,4.9,,,,Thur,12,7:49,6.5,20:16,6.2,,12/11/26,07:13,17:26
13/11/26,Fri,13,1:14,1.2,7:32,4.6,13:38,1.1,20:01,4.2,,,Fri,13,1:28,1.2,7:52,5.0,13:51,1.2,20:13,4.7,,,,Fri,13,8:28,6.4,20:56,6.0,,13/11/26,07:15,17:24
14/11/26,Sat,14,1:48,1.4,8:09,4.4,14:15,1.3,20:40,4.0,,,Sat ,14,1:58,1.4,8:25,4.8,14:24,1.4,20:48,4.5,,,,Sat ,14,9:08,6.2,21:39,5.8,,14/11/26,07:17,17:23
15/11/26,Sun,15,2:26,1.6,8:50,4.2,14:57,1.5,21:25,3.8,,,Sun,15,2:32,1.7,9:04,4.6,15:03,1.6,21:30,4.3,,,,Sun,15,9:51,5.9,22:26,5.6,,15/11/26,07:19,17:22
16/11/26,Mon,16,3:11,1.7,9:38,4.0,15:48,1.6,22:20,3.7,,,Mon,16,3:14,1.9,9:50,4.4,15:53,1.8,22:25,4.1,,,,Mon,16,10:39,5.7,23:17,5.4,,16/11/26,07:20,17:20
17/11/26,Tue,17,4:06,1.9,10:37,3.8,16:52,1.7,23:31,3.6,,,Tue ,17,4:10,2.1,10:50,4.2,16:59,1.9,23:37,4.0,,,,Tue ,17,11:32,5.6,,,,17/11/26,07:22,17:19
18/11/26,Wed,18,5:16,1.9,11:53,3.8,,,18:08,1.6,,,Wed,18,5:29,2.2,,,12:03,4.2,18:19,1.8,,,,Wed,18,0:14,5.4,12:30,5.5,,18/11/26,07:24,17:18
19/11/26,Thur,19,0:47,3.7,6:37,1.8,13:09,3.9,19:18,1.4,,,Thur,19,0:54,4.1,6:55,2.0,13:13,4.4,19:28,1.6,,,,Thur,19,1:18,5.4,13:33,5.6,,19/11/26,07:25,17:17
20/11/26,Fri,20,1:47,4.0,7:45,1.6,14:08,4.1,20:13,1.2,,,Fri,20,1:59,4.4,8:01,1.7,14:15,4.6,20:25,1.3,,,,Fri,20,2:29,5.6,14:41,5.8,,20/11/26,07:27,17:15
21/11/26,Sat,21,2:37,4.3,8:39,1.3,14:58,4.4,21:02,0.9,,,Sat ,21,2:54,4.7,8:55,1.4,15:11,4.9,21:16,1.0,,,,Sat ,21,3:25,5.9,15:38,6.1,,21/11/26,07:28,17:14
22/11/26,Sun,22,3:23,4.5,9:28,1.0,15:44,4.7,21:48,0.7,,,Sun,22,3:43,5.1,9:45,1.0,16:02,5.2,22:05,0.8,,,,Sun,22,4:08,6.2,16:25,6.4,,22/11/26,07:30,17:13
23/11/26,Mon,23,4:06,4.8,10:15,0.7,16:30,4.8,22:33,0.6,,,Mon,23,4:30,5.3,10:32,0.7,16:53,5.4,22:51,0.6,,,,Mon,23,4:49,6.5,17:10,6.7,,23/11/26,07:32,17:12
24/11/26,Tue,24,4:49,5.0,11:02,0.5,17:16,4.9,23:18,0.5,,,Tue ,24,5:17,5.5,11:19,0.5,17:43,5.5,23:38,0.5,,,,Tue ,24,5:32,6.8,17:57,6.8,,24/11/26,07:33,17:11
25/11/26,Wed,25,5:33,5.0,11:47,0.4,,,18:03,5.0,,,Wed,25,,,6:05,5.6,12:05,0.4,18:33,5.6,,,,Wed,25,6:17,6.9,18:45,6.9,,25/11/26,07:35,17:10
26/11/26,Thur,26,0:02,0.5,6:19,5.0,12:33,0.4,18:52,4.9,,,Thur,26,0:23,0.5,6:52,5.7,12:51,0.4,19:23,5.5,,,,Thur,26,7:03,7.0,19:35,6.8,,26/11/26,07:36,17:10
27/11/26,Fri,27,0:48,0.6,7:05,5.0,13:20,0.4,19:41,4.7,,,Fri,27,1:08,0.6,7:39,5.6,13:38,0.4,20:13,5.4,,,,Fri,27,7:53,6.9,20:27,6.7,,27/11/26,07:38,17:09
28/11/26,Sat,28,1:34,0.8,7:53,4.8,14:09,0.5,20:33,4.5,,,Sat ,28,1:55,0.8,8:27,5.5,14:26,0.6,21:04,5.2,,,,Sat ,28,8:43,6.8,21:20,6.4,,28/11/26,07:39,17:08
29/11/26,Sun,29,2:23,1.0,8:44,4.6,15:02,0.7,21:28,4.3,,,Sun,29,2:43,1.0,9:17,5.3,15:18,0.8,21:58,5.0,,,,Sun,29,9:37,6.5,22:18,6.2,,29/11/26,07:40,17:07
30/11/26,Mon,30,3:18,1.2,9:40,4.3,16:02,0.9,22:30,4.1,,,Mon,30,3:35,1.3,10:13,5.0,16:14,1.0,22:58,4.7,,,,Mon,30,10:34,6.3,23:20,6.0,,30/11/26,07:42,17:06
,December,,,,,,,,,,,,,,,,,,,,,,,,,,,,,,,,,,
1/12/26,Tue,1,4:21,1.4,10:44,4.1,17:09,1.1,23:42,4.0,,,Tue ,1,4:35,1.5,11:15,4.9,17:17,1.2,,,,,,Tue ,1,11:39,6.1,,,,1/12/26,07:44,17:05
2/12/26,Wed,2,5:32,1.5,,,12:03,4.0,18:18,1.2,,,Wed,2,0:02,4.6,5:43,1.7,12:22,4.7,18:25,1.3,,,,Wed,2,0:30,5.8,12:53,5.9,,2/12/26,07:44,17:05
3/12/26,Thur,3,0:54,4.0,6:45,1.5,13:20,4.1,19:23,1.1,,,Thur,3,1:09,4.6,6:54,1.6,13:31,4.7,19:31,1.3,,,,Thur,3,1:41,5.8,14:07,5.9,,3/12/26,07:46,17:05
4/12/26,Fri,4,1:56,4.1,7:49,1.4,14:21,4.2,20:19,1.1,,,Fri,4,2:13,4.7,8:01,1.5,14:36,4.8,20:32,1.3,,,,Fri,4,2:45,5.9,15:10,5.9,,4/12/26,07:47,17:04
5/12/26,Sat,5,2:49,4.3,8:45,1.3,15:14,4.3,21:09,1.1,,,Sat ,5,3:10,4.9,9:00,1.3,15:33,4.9,21:25,1.2,,,,Sat ,5,3:38,6.0,16:02,6.0,,5/12/26,07:48,17:04
6/12/26,Sun,6,3:35,4.4,9:34,1.1,16:01,4.4,21:54,1.1,,,Sun,6,3:59,5.0,9:51,1.2,16:21,4.9,22:11,1.1,,,,Sun,6,4:24,6.2,16:48,6.1,,6/12/26,07:49,17:03
7/12/26,Mon,7,4:17,4.5,10:19,1.0,16:44,4.5,22:36,1.1,,,Mon,7,4:42,5.1,10:36,1.0,17:05,5.0,22:53,1.1,,,,Mon,7,5:04,6.3,17:29,6.2,,7/12/26,07:51,17:03
8/12/26,Tue,8,4:55,4.6,11:01,1.0,17:24,4.5,23:15,1.1,,,Tue ,8,5:21,5.2,11:18,1.0,17:44,5.0,23:33,1.1,,,,Tue ,8,5:42,6.4,18:08,6.2,,8/12/26,07:52,17:03
9/12/26,Wed,9,5:31,4.7,11:40,0.9,18:01,4.5,23:51,1.1,,,Wed,9,5:58,5.2,11:57,0.9,,,18:21,4.9,,,,Wed,9,6:18,6.5,18:46,6.3,,9/12/26,07:53,17:02
10/12/26,Thur,10,,,6:06,4.7,12:17,0.9,18:37,4.5,,,Thur,10,0:09,1.1,6:32,5.2,12:33,1.0,18:55,4.9,,,,Thur,10,6:55,6.5,19:23,6.3,,10/12/26,07:54,17:02
11/12/26,Fri,11,0:25,1.1,6:41,4.7,12:51,1.0,19:12,4.4,,,Fri,11,0:43,1.2,7:05,5.1,13:07,1.0,19:27,4.8,,,,Fri,11,7:33,6.5,20:01,6.2,,11/12/26,07:55,17:02
12/12/26,Sat,12,0:58,1.2,7:17,4.6,13:25,1.0,19:47,4.3,,,Sat ,12,1:15,1.2,7:36,5.1,13:40,1.1,19:58,4.8,,,,Sat ,12,8:11,6.4,20:40,6.1,,12/12/26,07:56,17:02
13/12/26,Sun,13,1:32,1.3,7:53,4.5,13:59,1.1,20:23,4.2,,,Sun,13,1:46,1.3,8:08,5.0,14:13,1.1,20:32,4.7,,,,Sun,13,8:48,6.3,21:18,6.0,,13/12/26,07:57,17:02
14/12/26,Mon,14,2:08,1.4,8:30,4.4,14:37,1.2,21:03,4.1,,,Mon,14,2:20,1.4,8:44,4.9,14:48,1.2,21:10,4.5,,,,Mon,14,9:25,6.2,21:58,5.9,,14/12/26,07:58,17:02
15/12/26,Tue,15,2:48,1.5,9:11,4.3,15:19,1.3,21:48,4.0,,,Tue ,15,2:58,1.5,9:25,4.7,15:28,1.3,21:53,4.4,,,,Tue ,15,10:05,6.0,22:42,5.7,,15/12/26,07:58,17:02
16/12/26,Wed,16,3:33,1.6,9:58,4.1,16:08,1.4,22:41,3.9,,,Wed,16,3:43,1.7,10:11,4.6,16:16,1.5,22:46,4.3,,,,Wed,16,10:52,5.9,23:31,5.6,,16/12/26,07:59,17:02
17/12/26,Thur,17,4:27,1.7,10:56,4.0,17:06,1.5,23:44,3.9,,,Thur,17,4:36,1.8,11:08,4.4,17:13,1.6,23:50,4.3,,,,Thur,17,11:45,5.8,,,,17/12/26,08:00,17:02
18/12/26,Fri,18,5:31,1.7,,,12:05,4.0,18:12,1.5,,,Fri,18,5:44,1.9,12:14,4.4,,,18:22,1.6,,,,Fri,18,0:25,5.6,12:43,5.8,,18/12/26,08:01,17:03
19/12/26,Sat,19,0:50,4.0,6:43,1.7,13:14,4.1,19:18,1.4,,,Sat ,19,0:58,4.4,7:01,1.8,13:23,4.5,19:32,1.4,,,,Sat ,19,1:24,5.7,13:46,5.8,,19/12/26,08:01,17:03
20/12/26,Sun,20,1:51,4.2,7:53,1.5,14:17,4.3,20:19,1.2,,,Sun,20,2:03,4.6,8:10,1.5,14:29,4.7,20:35,1.2,,,,Sun,20,2:27,5.9,14:52,6.0,,20/12/26,08:02,17:04
21/12/26,Mon,21,2:47,4.4,8:56,1.2,15:14,4.5,21:17,1.1,,,Mon,21,3:04,4.9,9:11,1.2,15:32,4.9,21:33,1.0,,,,Mon,21,3:27,6.1,15:55,6.3,,21/12/26,08:03,17:04
22/12/26,Tue,22,3:39,4.7,9:54,0.9,16:09,4.6,22:11,0.9,,,Tue ,22,4:02,5.1,10:08,0.9,16:32,5.2,22:29,0.8,,,,Tue ,22,4:22,6.4,16:51,6.5,,22/12/26,08:03,17:04
23/12/26,Wed,23,4:30,4.8,10:48,0.7,17:02,4.8,23:03,0.7,,,Wed,23,4:57,5.4,11:02,0.6,17:30,5.3,23:23,0.7,,,,Wed,23,5:13,6.7,17:43,6.7,,23/12/26,08:03,17:04
24/12/26,Thur,24,5:20,5.0,11:39,0.4,17:54,4.9,23:53,0.6,,,Thur,24,5:51,5.6,11:55,0.4,,,18:24,5.5,,,,Thur,24,6:03,7.0,18:35,6.9,,24/12/26,08:04,17:05
25/12/26,Fri,25,,,6:09,5.1,12:27,0.3,18:44,4.9,,,Fri,25,0:13,0.6,6:43,5.7,12:44,0.2,19:16,5.5,,,,Fri,25,6:53,7.1,19:26,6.9,,25/12/26,08:04,17:06
26/12/26,Sat,26,0:40,0.6,6:57,5.1,13:14,0.2,19:33,4.8,,,Sat ,26,1:02,0.5,7:32,5.7,13:32,0.2,20:06,5.5,,,,Sat ,26,7:43,7.1,20:16,6.9,,26/12/26,08:05,17:06
27/12/26,Sun,27,1:26,0.6,7:44,5.0,14:00,0.3,20:21,4.7,,,Sun,27,1:48,0.6,8:19,5.7,14:19,0.2,20:53,5.4,,,,Sun,27,8:32,7.0,21:06,6.7,,27/12/26,08:05,17:07
28/12/26,Mon,28,2:12,0.7,8:31,4.8,14:47,0.5,21:09,4.6,,,Mon,28,2:33,0.7,9:06,5.5,15:04,0.4,21:39,5.2,,,,Mon,28,9:22,6.9,21:57,6.5,,28/12/26,08:05,17:08
29/12/26,Tue,29,2:58,0.9,9:18,4.6,15:35,0.7,21:58,4.4,,,Tue ,29,3:19,0.9,9:52,5.3,15:51,0.7,22:28,4.9,,,,Tue ,29,10:13,6.6,22:50,6.3,,29/12/26,08:05,17:08
30/12/26,Wed,30,3:48,1.2,10:10,4.4,16:29,1.0,22:53,4.2,,,Wed,30,4:06,1.2,10:42,5.0,16:41,1.0,23:20,4.7,,,,Wed,30,11:06,6.3,23:45,6.0,,30/12/26,08:06,17:10
31/12/26,Thur,31,4:45,1.4,11:10,4.2,17:28,1.3,23:56,4.0,,,Thur,31,5:00,1.4,11:39,4.7,17:36,1.3,,,,,,Thur,31,,,12:05,6.0,,31/12/26,08:05,17:10